<application>
  <component name="AndroidLogcatFilterHistory">
    <option name="mostRecentlyUsed" value="package:cn.cardoor.cardashboard command=0132" />
    <option name="nonFavorites">
      <list>
        <option value="package:cn.cardoor.cardashboard command=0132" />
        <option value="package:cn.cardoor.cardashboard" />
        <option value="package:cn.cardoor.cardashboard level:error " />
        <option value="package:cn.cardoor.cardashboard Search query is blan" />
        <option value="package:cn.cardoor.cardashboard " />
        <option value="package:cn.cardoor.cardashboard tag:DoFun-CarDashBoard " />
        <option value="package:mine tag:DoFun-CarDashBoard " />
        <option value="package:cn.cardoor.cardashboard tag:DoFun-CarDashBoard dash is " />
        <option value="package:cn.cardoor.cardashboard tag:DoFun-CarDashBoard tag:DoFun-CarDashBoard  dash is " />
        <option value="package:cn.cardoor.cardashboard tag:DoFun-CarDashBoard tag: dash is " />
        <option value="package:cn.cardoor.cardashboard tag:DoFun-CarDashBoard area" />
        <option value="package:cn.cardoor.cardashboard tag:DoFun-CarDashBoard x is " />
        <option value="package:cn.cardoor.cardashboard x is " />
        <option value="level:error " />
        <option value="package:mine result s" />
        <option value="package:mine level:error " />
        <option value="package:mine result" />
        <option value="package:mine result isxxxxx" />
        <option value="package:mine " />
        <option value="result package:mine " />
      </list>
    </option>
  </component>
</application>