<application>
  <component name="FileTypeManager" version="19">
    <extensionMap>
      <mapping pattern="MTIzLnR4dA" type="AUTO_DETECTED" />
      <mapping ext="preferences_pb" type="PLAIN_TEXT" />
      <mapping ext="mmap3" type="PLAIN_TEXT" />
      <mapping ext="enc" type="PLAIN_TEXT" />
      <mapping ext="plist" type="PLAIN_TEXT" />
      <mapping ext="knb" type="PLAIN_TEXT" />
      <mapping ext="knf" type="PLAIN_TEXT" />
      <mapping ext="xlog" type="PLAIN_TEXT" />
      <removed_mapping ext="apk" approved="true" type="ARCHIVE" />
      <removed_mapping ext="pdf" approved="true" type="Native" />
      <removed_mapping ext="psd" approved="true" type="Image" />
    </extensionMap>
  </component>
</application>