<application>
  <component name="ProjectJdkTable">
    <jdk version="2">
      <name value="17" />
      <type value="JavaSDK" />
      <version value="Oracle OpenJDK 17.0.1" />
      <homePath value="D:/program/jdk-17.0.1" />
      <roots>
        <annotationsPath>
          <root type="composite">
            <root url="jar://$APPLICATION_HOME_DIR$/plugins/java/lib/resources/jdkAnnotations.jar!/" type="simple" />
          </root>
        </annotationsPath>
        <classPath>
          <root type="composite">
            <root url="jrt://D:/program/jdk-17.0.1!/java.base" type="simple" />
            <root url="jrt://D:/program/jdk-17.0.1!/java.compiler" type="simple" />
            <root url="jrt://D:/program/jdk-17.0.1!/java.datatransfer" type="simple" />
            <root url="jrt://D:/program/jdk-17.0.1!/java.desktop" type="simple" />
            <root url="jrt://D:/program/jdk-17.0.1!/java.instrument" type="simple" />
            <root url="jrt://D:/program/jdk-17.0.1!/java.logging" type="simple" />
            <root url="jrt://D:/program/jdk-17.0.1!/java.management" type="simple" />
            <root url="jrt://D:/program/jdk-17.0.1!/java.management.rmi" type="simple" />
            <root url="jrt://D:/program/jdk-17.0.1!/java.naming" type="simple" />
            <root url="jrt://D:/program/jdk-17.0.1!/java.net.http" type="simple" />
            <root url="jrt://D:/program/jdk-17.0.1!/java.prefs" type="simple" />
            <root url="jrt://D:/program/jdk-17.0.1!/java.rmi" type="simple" />
            <root url="jrt://D:/program/jdk-17.0.1!/java.scripting" type="simple" />
            <root url="jrt://D:/program/jdk-17.0.1!/java.se" type="simple" />
            <root url="jrt://D:/program/jdk-17.0.1!/java.security.jgss" type="simple" />
            <root url="jrt://D:/program/jdk-17.0.1!/java.security.sasl" type="simple" />
            <root url="jrt://D:/program/jdk-17.0.1!/java.smartcardio" type="simple" />
            <root url="jrt://D:/program/jdk-17.0.1!/java.sql" type="simple" />
            <root url="jrt://D:/program/jdk-17.0.1!/java.sql.rowset" type="simple" />
            <root url="jrt://D:/program/jdk-17.0.1!/java.transaction.xa" type="simple" />
            <root url="jrt://D:/program/jdk-17.0.1!/java.xml" type="simple" />
            <root url="jrt://D:/program/jdk-17.0.1!/java.xml.crypto" type="simple" />
            <root url="jrt://D:/program/jdk-17.0.1!/jdk.accessibility" type="simple" />
            <root url="jrt://D:/program/jdk-17.0.1!/jdk.attach" type="simple" />
            <root url="jrt://D:/program/jdk-17.0.1!/jdk.charsets" type="simple" />
            <root url="jrt://D:/program/jdk-17.0.1!/jdk.compiler" type="simple" />
            <root url="jrt://D:/program/jdk-17.0.1!/jdk.crypto.cryptoki" type="simple" />
            <root url="jrt://D:/program/jdk-17.0.1!/jdk.crypto.ec" type="simple" />
            <root url="jrt://D:/program/jdk-17.0.1!/jdk.crypto.mscapi" type="simple" />
            <root url="jrt://D:/program/jdk-17.0.1!/jdk.dynalink" type="simple" />
            <root url="jrt://D:/program/jdk-17.0.1!/jdk.editpad" type="simple" />
            <root url="jrt://D:/program/jdk-17.0.1!/jdk.hotspot.agent" type="simple" />
            <root url="jrt://D:/program/jdk-17.0.1!/jdk.httpserver" type="simple" />
            <root url="jrt://D:/program/jdk-17.0.1!/jdk.incubator.foreign" type="simple" />
            <root url="jrt://D:/program/jdk-17.0.1!/jdk.incubator.vector" type="simple" />
            <root url="jrt://D:/program/jdk-17.0.1!/jdk.internal.ed" type="simple" />
            <root url="jrt://D:/program/jdk-17.0.1!/jdk.internal.jvmstat" type="simple" />
            <root url="jrt://D:/program/jdk-17.0.1!/jdk.internal.le" type="simple" />
            <root url="jrt://D:/program/jdk-17.0.1!/jdk.internal.opt" type="simple" />
            <root url="jrt://D:/program/jdk-17.0.1!/jdk.internal.vm.ci" type="simple" />
            <root url="jrt://D:/program/jdk-17.0.1!/jdk.internal.vm.compiler" type="simple" />
            <root url="jrt://D:/program/jdk-17.0.1!/jdk.internal.vm.compiler.management" type="simple" />
            <root url="jrt://D:/program/jdk-17.0.1!/jdk.jartool" type="simple" />
            <root url="jrt://D:/program/jdk-17.0.1!/jdk.javadoc" type="simple" />
            <root url="jrt://D:/program/jdk-17.0.1!/jdk.jcmd" type="simple" />
            <root url="jrt://D:/program/jdk-17.0.1!/jdk.jconsole" type="simple" />
            <root url="jrt://D:/program/jdk-17.0.1!/jdk.jdeps" type="simple" />
            <root url="jrt://D:/program/jdk-17.0.1!/jdk.jdi" type="simple" />
            <root url="jrt://D:/program/jdk-17.0.1!/jdk.jdwp.agent" type="simple" />
            <root url="jrt://D:/program/jdk-17.0.1!/jdk.jfr" type="simple" />
            <root url="jrt://D:/program/jdk-17.0.1!/jdk.jlink" type="simple" />
            <root url="jrt://D:/program/jdk-17.0.1!/jdk.jpackage" type="simple" />
            <root url="jrt://D:/program/jdk-17.0.1!/jdk.jshell" type="simple" />
            <root url="jrt://D:/program/jdk-17.0.1!/jdk.jsobject" type="simple" />
            <root url="jrt://D:/program/jdk-17.0.1!/jdk.jstatd" type="simple" />
            <root url="jrt://D:/program/jdk-17.0.1!/jdk.localedata" type="simple" />
            <root url="jrt://D:/program/jdk-17.0.1!/jdk.management" type="simple" />
            <root url="jrt://D:/program/jdk-17.0.1!/jdk.management.agent" type="simple" />
            <root url="jrt://D:/program/jdk-17.0.1!/jdk.management.jfr" type="simple" />
            <root url="jrt://D:/program/jdk-17.0.1!/jdk.naming.dns" type="simple" />
            <root url="jrt://D:/program/jdk-17.0.1!/jdk.naming.rmi" type="simple" />
            <root url="jrt://D:/program/jdk-17.0.1!/jdk.net" type="simple" />
            <root url="jrt://D:/program/jdk-17.0.1!/jdk.nio.mapmode" type="simple" />
            <root url="jrt://D:/program/jdk-17.0.1!/jdk.random" type="simple" />
            <root url="jrt://D:/program/jdk-17.0.1!/jdk.sctp" type="simple" />
            <root url="jrt://D:/program/jdk-17.0.1!/jdk.security.auth" type="simple" />
            <root url="jrt://D:/program/jdk-17.0.1!/jdk.security.jgss" type="simple" />
            <root url="jrt://D:/program/jdk-17.0.1!/jdk.unsupported" type="simple" />
            <root url="jrt://D:/program/jdk-17.0.1!/jdk.unsupported.desktop" type="simple" />
            <root url="jrt://D:/program/jdk-17.0.1!/jdk.xml.dom" type="simple" />
            <root url="jrt://D:/program/jdk-17.0.1!/jdk.zipfs" type="simple" />
          </root>
        </classPath>
        <javadocPath>
          <root type="composite" />
        </javadocPath>
        <sourcePath>
          <root type="composite">
            <root url="jar://D:/program/jdk-17.0.1/lib/src.zip!/java.se" type="simple" />
            <root url="jar://D:/program/jdk-17.0.1/lib/src.zip!/jdk.jdi" type="simple" />
            <root url="jar://D:/program/jdk-17.0.1/lib/src.zip!/jdk.jfr" type="simple" />
            <root url="jar://D:/program/jdk-17.0.1/lib/src.zip!/jdk.net" type="simple" />
            <root url="jar://D:/program/jdk-17.0.1/lib/src.zip!/java.rmi" type="simple" />
            <root url="jar://D:/program/jdk-17.0.1/lib/src.zip!/java.sql" type="simple" />
            <root url="jar://D:/program/jdk-17.0.1/lib/src.zip!/java.xml" type="simple" />
            <root url="jar://D:/program/jdk-17.0.1/lib/src.zip!/jdk.jcmd" type="simple" />
            <root url="jar://D:/program/jdk-17.0.1/lib/src.zip!/jdk.sctp" type="simple" />
            <root url="jar://D:/program/jdk-17.0.1/lib/src.zip!/java.base" type="simple" />
            <root url="jar://D:/program/jdk-17.0.1/lib/src.zip!/jdk.jdeps" type="simple" />
            <root url="jar://D:/program/jdk-17.0.1/lib/src.zip!/jdk.jlink" type="simple" />
            <root url="jar://D:/program/jdk-17.0.1/lib/src.zip!/jdk.zipfs" type="simple" />
            <root url="jar://D:/program/jdk-17.0.1/lib/src.zip!/java.prefs" type="simple" />
            <root url="jar://D:/program/jdk-17.0.1/lib/src.zip!/jdk.attach" type="simple" />
            <root url="jar://D:/program/jdk-17.0.1/lib/src.zip!/jdk.jshell" type="simple" />
            <root url="jar://D:/program/jdk-17.0.1/lib/src.zip!/jdk.jstatd" type="simple" />
            <root url="jar://D:/program/jdk-17.0.1/lib/src.zip!/jdk.random" type="simple" />
            <root url="jar://D:/program/jdk-17.0.1/lib/src.zip!/java.naming" type="simple" />
            <root url="jar://D:/program/jdk-17.0.1/lib/src.zip!/jdk.editpad" type="simple" />
            <root url="jar://D:/program/jdk-17.0.1/lib/src.zip!/jdk.jartool" type="simple" />
            <root url="jar://D:/program/jdk-17.0.1/lib/src.zip!/jdk.javadoc" type="simple" />
            <root url="jar://D:/program/jdk-17.0.1/lib/src.zip!/jdk.xml.dom" type="simple" />
            <root url="jar://D:/program/jdk-17.0.1/lib/src.zip!/java.desktop" type="simple" />
            <root url="jar://D:/program/jdk-17.0.1/lib/src.zip!/java.logging" type="simple" />
            <root url="jar://D:/program/jdk-17.0.1/lib/src.zip!/jdk.charsets" type="simple" />
            <root url="jar://D:/program/jdk-17.0.1/lib/src.zip!/jdk.compiler" type="simple" />
            <root url="jar://D:/program/jdk-17.0.1/lib/src.zip!/jdk.dynalink" type="simple" />
            <root url="jar://D:/program/jdk-17.0.1/lib/src.zip!/jdk.jconsole" type="simple" />
            <root url="jar://D:/program/jdk-17.0.1/lib/src.zip!/jdk.jpackage" type="simple" />
            <root url="jar://D:/program/jdk-17.0.1/lib/src.zip!/jdk.jsobject" type="simple" />
            <root url="jar://D:/program/jdk-17.0.1/lib/src.zip!/java.compiler" type="simple" />
            <root url="jar://D:/program/jdk-17.0.1/lib/src.zip!/java.net.http" type="simple" />
            <root url="jar://D:/program/jdk-17.0.1/lib/src.zip!/jdk.crypto.ec" type="simple" />
            <root url="jar://D:/program/jdk-17.0.1/lib/src.zip!/java.scripting" type="simple" />
            <root url="jar://D:/program/jdk-17.0.1/lib/src.zip!/jdk.httpserver" type="simple" />
            <root url="jar://D:/program/jdk-17.0.1/lib/src.zip!/jdk.jdwp.agent" type="simple" />
            <root url="jar://D:/program/jdk-17.0.1/lib/src.zip!/jdk.localedata" type="simple" />
            <root url="jar://D:/program/jdk-17.0.1/lib/src.zip!/jdk.management" type="simple" />
            <root url="jar://D:/program/jdk-17.0.1/lib/src.zip!/jdk.naming.dns" type="simple" />
            <root url="jar://D:/program/jdk-17.0.1/lib/src.zip!/jdk.naming.rmi" type="simple" />
            <root url="jar://D:/program/jdk-17.0.1/lib/src.zip!/java.instrument" type="simple" />
            <root url="jar://D:/program/jdk-17.0.1/lib/src.zip!/java.management" type="simple" />
            <root url="jar://D:/program/jdk-17.0.1/lib/src.zip!/java.sql.rowset" type="simple" />
            <root url="jar://D:/program/jdk-17.0.1/lib/src.zip!/java.xml.crypto" type="simple" />
            <root url="jar://D:/program/jdk-17.0.1/lib/src.zip!/jdk.internal.ed" type="simple" />
            <root url="jar://D:/program/jdk-17.0.1/lib/src.zip!/jdk.internal.le" type="simple" />
            <root url="jar://D:/program/jdk-17.0.1/lib/src.zip!/jdk.nio.mapmode" type="simple" />
            <root url="jar://D:/program/jdk-17.0.1/lib/src.zip!/jdk.unsupported" type="simple" />
            <root url="jar://D:/program/jdk-17.0.1/lib/src.zip!/java.smartcardio" type="simple" />
            <root url="jar://D:/program/jdk-17.0.1/lib/src.zip!/jdk.internal.opt" type="simple" />
            <root url="jar://D:/program/jdk-17.0.1/lib/src.zip!/java.datatransfer" type="simple" />
            <root url="jar://D:/program/jdk-17.0.1/lib/src.zip!/jdk.accessibility" type="simple" />
            <root url="jar://D:/program/jdk-17.0.1/lib/src.zip!/jdk.crypto.mscapi" type="simple" />
            <root url="jar://D:/program/jdk-17.0.1/lib/src.zip!/jdk.hotspot.agent" type="simple" />
            <root url="jar://D:/program/jdk-17.0.1/lib/src.zip!/jdk.security.auth" type="simple" />
            <root url="jar://D:/program/jdk-17.0.1/lib/src.zip!/jdk.security.jgss" type="simple" />
            <root url="jar://D:/program/jdk-17.0.1/lib/src.zip!/java.security.jgss" type="simple" />
            <root url="jar://D:/program/jdk-17.0.1/lib/src.zip!/java.security.sasl" type="simple" />
            <root url="jar://D:/program/jdk-17.0.1/lib/src.zip!/jdk.internal.vm.ci" type="simple" />
            <root url="jar://D:/program/jdk-17.0.1/lib/src.zip!/jdk.management.jfr" type="simple" />
            <root url="jar://D:/program/jdk-17.0.1/lib/src.zip!/java.management.rmi" type="simple" />
            <root url="jar://D:/program/jdk-17.0.1/lib/src.zip!/java.transaction.xa" type="simple" />
            <root url="jar://D:/program/jdk-17.0.1/lib/src.zip!/jdk.crypto.cryptoki" type="simple" />
            <root url="jar://D:/program/jdk-17.0.1/lib/src.zip!/jdk.incubator.vector" type="simple" />
            <root url="jar://D:/program/jdk-17.0.1/lib/src.zip!/jdk.internal.jvmstat" type="simple" />
            <root url="jar://D:/program/jdk-17.0.1/lib/src.zip!/jdk.management.agent" type="simple" />
            <root url="jar://D:/program/jdk-17.0.1/lib/src.zip!/jdk.incubator.foreign" type="simple" />
            <root url="jar://D:/program/jdk-17.0.1/lib/src.zip!/jdk.unsupported.desktop" type="simple" />
            <root url="jar://D:/program/jdk-17.0.1/lib/src.zip!/jdk.internal.vm.compiler" type="simple" />
            <root url="jar://D:/program/jdk-17.0.1/lib/src.zip!/jdk.internal.vm.compiler.management" type="simple" />
          </root>
        </sourcePath>
      </roots>
      <additional />
    </jdk>
    <jdk version="2">
      <name value="11" />
      <type value="JavaSDK" />
      <version value="Oracle OpenJDK 11" />
      <homePath value="D:/program/jdk-11" />
      <roots>
        <annotationsPath>
          <root type="composite">
            <root url="jar://$APPLICATION_HOME_DIR$/plugins/java/lib/resources/jdkAnnotations.jar!/" type="simple" />
          </root>
        </annotationsPath>
        <classPath>
          <root type="composite">
            <root url="jrt://D:/program/jdk-11!/java.base" type="simple" />
            <root url="jrt://D:/program/jdk-11!/java.compiler" type="simple" />
            <root url="jrt://D:/program/jdk-11!/java.datatransfer" type="simple" />
            <root url="jrt://D:/program/jdk-11!/java.desktop" type="simple" />
            <root url="jrt://D:/program/jdk-11!/java.instrument" type="simple" />
            <root url="jrt://D:/program/jdk-11!/java.logging" type="simple" />
            <root url="jrt://D:/program/jdk-11!/java.management" type="simple" />
            <root url="jrt://D:/program/jdk-11!/java.management.rmi" type="simple" />
            <root url="jrt://D:/program/jdk-11!/java.naming" type="simple" />
            <root url="jrt://D:/program/jdk-11!/java.net.http" type="simple" />
            <root url="jrt://D:/program/jdk-11!/java.prefs" type="simple" />
            <root url="jrt://D:/program/jdk-11!/java.rmi" type="simple" />
            <root url="jrt://D:/program/jdk-11!/java.scripting" type="simple" />
            <root url="jrt://D:/program/jdk-11!/java.se" type="simple" />
            <root url="jrt://D:/program/jdk-11!/java.security.jgss" type="simple" />
            <root url="jrt://D:/program/jdk-11!/java.security.sasl" type="simple" />
            <root url="jrt://D:/program/jdk-11!/java.smartcardio" type="simple" />
            <root url="jrt://D:/program/jdk-11!/java.sql" type="simple" />
            <root url="jrt://D:/program/jdk-11!/java.sql.rowset" type="simple" />
            <root url="jrt://D:/program/jdk-11!/java.transaction.xa" type="simple" />
            <root url="jrt://D:/program/jdk-11!/java.xml" type="simple" />
            <root url="jrt://D:/program/jdk-11!/java.xml.crypto" type="simple" />
            <root url="jrt://D:/program/jdk-11!/jdk.accessibility" type="simple" />
            <root url="jrt://D:/program/jdk-11!/jdk.aot" type="simple" />
            <root url="jrt://D:/program/jdk-11!/jdk.attach" type="simple" />
            <root url="jrt://D:/program/jdk-11!/jdk.charsets" type="simple" />
            <root url="jrt://D:/program/jdk-11!/jdk.compiler" type="simple" />
            <root url="jrt://D:/program/jdk-11!/jdk.crypto.cryptoki" type="simple" />
            <root url="jrt://D:/program/jdk-11!/jdk.crypto.ec" type="simple" />
            <root url="jrt://D:/program/jdk-11!/jdk.crypto.mscapi" type="simple" />
            <root url="jrt://D:/program/jdk-11!/jdk.dynalink" type="simple" />
            <root url="jrt://D:/program/jdk-11!/jdk.editpad" type="simple" />
            <root url="jrt://D:/program/jdk-11!/jdk.hotspot.agent" type="simple" />
            <root url="jrt://D:/program/jdk-11!/jdk.httpserver" type="simple" />
            <root url="jrt://D:/program/jdk-11!/jdk.internal.ed" type="simple" />
            <root url="jrt://D:/program/jdk-11!/jdk.internal.jvmstat" type="simple" />
            <root url="jrt://D:/program/jdk-11!/jdk.internal.le" type="simple" />
            <root url="jrt://D:/program/jdk-11!/jdk.internal.opt" type="simple" />
            <root url="jrt://D:/program/jdk-11!/jdk.internal.vm.ci" type="simple" />
            <root url="jrt://D:/program/jdk-11!/jdk.internal.vm.compiler" type="simple" />
            <root url="jrt://D:/program/jdk-11!/jdk.internal.vm.compiler.management" type="simple" />
            <root url="jrt://D:/program/jdk-11!/jdk.jartool" type="simple" />
            <root url="jrt://D:/program/jdk-11!/jdk.javadoc" type="simple" />
            <root url="jrt://D:/program/jdk-11!/jdk.jcmd" type="simple" />
            <root url="jrt://D:/program/jdk-11!/jdk.jconsole" type="simple" />
            <root url="jrt://D:/program/jdk-11!/jdk.jdeps" type="simple" />
            <root url="jrt://D:/program/jdk-11!/jdk.jdi" type="simple" />
            <root url="jrt://D:/program/jdk-11!/jdk.jdwp.agent" type="simple" />
            <root url="jrt://D:/program/jdk-11!/jdk.jfr" type="simple" />
            <root url="jrt://D:/program/jdk-11!/jdk.jlink" type="simple" />
            <root url="jrt://D:/program/jdk-11!/jdk.jshell" type="simple" />
            <root url="jrt://D:/program/jdk-11!/jdk.jsobject" type="simple" />
            <root url="jrt://D:/program/jdk-11!/jdk.jstatd" type="simple" />
            <root url="jrt://D:/program/jdk-11!/jdk.localedata" type="simple" />
            <root url="jrt://D:/program/jdk-11!/jdk.management" type="simple" />
            <root url="jrt://D:/program/jdk-11!/jdk.management.agent" type="simple" />
            <root url="jrt://D:/program/jdk-11!/jdk.management.jfr" type="simple" />
            <root url="jrt://D:/program/jdk-11!/jdk.naming.dns" type="simple" />
            <root url="jrt://D:/program/jdk-11!/jdk.naming.rmi" type="simple" />
            <root url="jrt://D:/program/jdk-11!/jdk.net" type="simple" />
            <root url="jrt://D:/program/jdk-11!/jdk.pack" type="simple" />
            <root url="jrt://D:/program/jdk-11!/jdk.rmic" type="simple" />
            <root url="jrt://D:/program/jdk-11!/jdk.scripting.nashorn" type="simple" />
            <root url="jrt://D:/program/jdk-11!/jdk.scripting.nashorn.shell" type="simple" />
            <root url="jrt://D:/program/jdk-11!/jdk.sctp" type="simple" />
            <root url="jrt://D:/program/jdk-11!/jdk.security.auth" type="simple" />
            <root url="jrt://D:/program/jdk-11!/jdk.security.jgss" type="simple" />
            <root url="jrt://D:/program/jdk-11!/jdk.unsupported" type="simple" />
            <root url="jrt://D:/program/jdk-11!/jdk.unsupported.desktop" type="simple" />
            <root url="jrt://D:/program/jdk-11!/jdk.xml.dom" type="simple" />
            <root url="jrt://D:/program/jdk-11!/jdk.zipfs" type="simple" />
          </root>
        </classPath>
        <javadocPath>
          <root type="composite" />
        </javadocPath>
        <sourcePath>
          <root type="composite">
            <root url="jar://D:/program/jdk-11/lib/src.zip!/java.se" type="simple" />
            <root url="jar://D:/program/jdk-11/lib/src.zip!/jdk.aot" type="simple" />
            <root url="jar://D:/program/jdk-11/lib/src.zip!/jdk.jdi" type="simple" />
            <root url="jar://D:/program/jdk-11/lib/src.zip!/jdk.jfr" type="simple" />
            <root url="jar://D:/program/jdk-11/lib/src.zip!/jdk.net" type="simple" />
            <root url="jar://D:/program/jdk-11/lib/src.zip!/java.rmi" type="simple" />
            <root url="jar://D:/program/jdk-11/lib/src.zip!/java.sql" type="simple" />
            <root url="jar://D:/program/jdk-11/lib/src.zip!/java.xml" type="simple" />
            <root url="jar://D:/program/jdk-11/lib/src.zip!/jdk.jcmd" type="simple" />
            <root url="jar://D:/program/jdk-11/lib/src.zip!/jdk.pack" type="simple" />
            <root url="jar://D:/program/jdk-11/lib/src.zip!/jdk.rmic" type="simple" />
            <root url="jar://D:/program/jdk-11/lib/src.zip!/jdk.sctp" type="simple" />
            <root url="jar://D:/program/jdk-11/lib/src.zip!/java.base" type="simple" />
            <root url="jar://D:/program/jdk-11/lib/src.zip!/jdk.jdeps" type="simple" />
            <root url="jar://D:/program/jdk-11/lib/src.zip!/jdk.jlink" type="simple" />
            <root url="jar://D:/program/jdk-11/lib/src.zip!/jdk.zipfs" type="simple" />
            <root url="jar://D:/program/jdk-11/lib/src.zip!/java.prefs" type="simple" />
            <root url="jar://D:/program/jdk-11/lib/src.zip!/jdk.attach" type="simple" />
            <root url="jar://D:/program/jdk-11/lib/src.zip!/jdk.jshell" type="simple" />
            <root url="jar://D:/program/jdk-11/lib/src.zip!/jdk.jstatd" type="simple" />
            <root url="jar://D:/program/jdk-11/lib/src.zip!/java.naming" type="simple" />
            <root url="jar://D:/program/jdk-11/lib/src.zip!/jdk.editpad" type="simple" />
            <root url="jar://D:/program/jdk-11/lib/src.zip!/jdk.jartool" type="simple" />
            <root url="jar://D:/program/jdk-11/lib/src.zip!/jdk.javadoc" type="simple" />
            <root url="jar://D:/program/jdk-11/lib/src.zip!/jdk.xml.dom" type="simple" />
            <root url="jar://D:/program/jdk-11/lib/src.zip!/java.desktop" type="simple" />
            <root url="jar://D:/program/jdk-11/lib/src.zip!/java.logging" type="simple" />
            <root url="jar://D:/program/jdk-11/lib/src.zip!/jdk.charsets" type="simple" />
            <root url="jar://D:/program/jdk-11/lib/src.zip!/jdk.compiler" type="simple" />
            <root url="jar://D:/program/jdk-11/lib/src.zip!/jdk.dynalink" type="simple" />
            <root url="jar://D:/program/jdk-11/lib/src.zip!/jdk.jconsole" type="simple" />
            <root url="jar://D:/program/jdk-11/lib/src.zip!/jdk.jsobject" type="simple" />
            <root url="jar://D:/program/jdk-11/lib/src.zip!/java.compiler" type="simple" />
            <root url="jar://D:/program/jdk-11/lib/src.zip!/java.net.http" type="simple" />
            <root url="jar://D:/program/jdk-11/lib/src.zip!/jdk.crypto.ec" type="simple" />
            <root url="jar://D:/program/jdk-11/lib/src.zip!/java.scripting" type="simple" />
            <root url="jar://D:/program/jdk-11/lib/src.zip!/jdk.httpserver" type="simple" />
            <root url="jar://D:/program/jdk-11/lib/src.zip!/jdk.jdwp.agent" type="simple" />
            <root url="jar://D:/program/jdk-11/lib/src.zip!/jdk.localedata" type="simple" />
            <root url="jar://D:/program/jdk-11/lib/src.zip!/jdk.management" type="simple" />
            <root url="jar://D:/program/jdk-11/lib/src.zip!/jdk.naming.dns" type="simple" />
            <root url="jar://D:/program/jdk-11/lib/src.zip!/jdk.naming.rmi" type="simple" />
            <root url="jar://D:/program/jdk-11/lib/src.zip!/java.instrument" type="simple" />
            <root url="jar://D:/program/jdk-11/lib/src.zip!/java.management" type="simple" />
            <root url="jar://D:/program/jdk-11/lib/src.zip!/java.sql.rowset" type="simple" />
            <root url="jar://D:/program/jdk-11/lib/src.zip!/java.xml.crypto" type="simple" />
            <root url="jar://D:/program/jdk-11/lib/src.zip!/jdk.internal.ed" type="simple" />
            <root url="jar://D:/program/jdk-11/lib/src.zip!/jdk.internal.le" type="simple" />
            <root url="jar://D:/program/jdk-11/lib/src.zip!/jdk.unsupported" type="simple" />
            <root url="jar://D:/program/jdk-11/lib/src.zip!/java.smartcardio" type="simple" />
            <root url="jar://D:/program/jdk-11/lib/src.zip!/jdk.internal.opt" type="simple" />
            <root url="jar://D:/program/jdk-11/lib/src.zip!/java.datatransfer" type="simple" />
            <root url="jar://D:/program/jdk-11/lib/src.zip!/jdk.accessibility" type="simple" />
            <root url="jar://D:/program/jdk-11/lib/src.zip!/jdk.crypto.mscapi" type="simple" />
            <root url="jar://D:/program/jdk-11/lib/src.zip!/jdk.hotspot.agent" type="simple" />
            <root url="jar://D:/program/jdk-11/lib/src.zip!/jdk.security.auth" type="simple" />
            <root url="jar://D:/program/jdk-11/lib/src.zip!/jdk.security.jgss" type="simple" />
            <root url="jar://D:/program/jdk-11/lib/src.zip!/java.security.jgss" type="simple" />
            <root url="jar://D:/program/jdk-11/lib/src.zip!/java.security.sasl" type="simple" />
            <root url="jar://D:/program/jdk-11/lib/src.zip!/jdk.internal.vm.ci" type="simple" />
            <root url="jar://D:/program/jdk-11/lib/src.zip!/jdk.management.jfr" type="simple" />
            <root url="jar://D:/program/jdk-11/lib/src.zip!/java.management.rmi" type="simple" />
            <root url="jar://D:/program/jdk-11/lib/src.zip!/java.transaction.xa" type="simple" />
            <root url="jar://D:/program/jdk-11/lib/src.zip!/jdk.crypto.cryptoki" type="simple" />
            <root url="jar://D:/program/jdk-11/lib/src.zip!/jdk.internal.jvmstat" type="simple" />
            <root url="jar://D:/program/jdk-11/lib/src.zip!/jdk.management.agent" type="simple" />
            <root url="jar://D:/program/jdk-11/lib/src.zip!/jdk.scripting.nashorn" type="simple" />
            <root url="jar://D:/program/jdk-11/lib/src.zip!/jdk.unsupported.desktop" type="simple" />
            <root url="jar://D:/program/jdk-11/lib/src.zip!/jdk.internal.vm.compiler" type="simple" />
            <root url="jar://D:/program/jdk-11/lib/src.zip!/jdk.scripting.nashorn.shell" type="simple" />
            <root url="jar://D:/program/jdk-11/lib/src.zip!/jdk.internal.vm.compiler.management" type="simple" />
          </root>
        </sourcePath>
      </roots>
    </jdk>
    <jdk version="2">
      <name value="Android API 24 Platform" />
      <type value="Android SDK" />
      <homePath value="$USER_HOME$/AppData/Local/Android/Sdk" />
      <roots>
        <annotationsPath>
          <root type="composite">
            <root url="jar://$APPLICATION_HOME_DIR$/plugins/android/resources/androidAnnotations.jar!/" type="simple" />
          </root>
        </annotationsPath>
        <classPath>
          <root type="composite">
            <root url="jar://$USER_HOME$/AppData/Local/Android/Sdk/platforms/android-24/android.jar!/" type="simple" />
            <root url="file://$USER_HOME$/AppData/Local/Android/Sdk/platforms/android-24/data/res" type="simple" />
          </root>
        </classPath>
        <javadocPath>
          <root type="composite">
            <root url="http://developer.android.com/reference/" type="simple" />
          </root>
        </javadocPath>
        <sourcePath>
          <root type="composite" />
        </sourcePath>
      </roots>
      <additional sdk="android-24" />
    </jdk>
    <jdk version="2">
      <name value="1.8" />
      <type value="JavaSDK" />
      <version value="1.8.0_41" />
      <homePath value="D:/program/java-se-8u41-ri" />
      <roots>
        <annotationsPath>
          <root type="composite">
            <root url="jar://$APPLICATION_HOME_DIR$/plugins/java/lib/resources/jdkAnnotations.jar!/" type="simple" />
          </root>
        </annotationsPath>
        <classPath>
          <root type="composite">
            <root url="jar://D:/program/java-se-8u41-ri/jre/lib/charsets.jar!/" type="simple" />
            <root url="jar://D:/program/java-se-8u41-ri/jre/lib/ext/cldrdata.jar!/" type="simple" />
            <root url="jar://D:/program/java-se-8u41-ri/jre/lib/ext/dnsns.jar!/" type="simple" />
            <root url="jar://D:/program/java-se-8u41-ri/jre/lib/ext/localedata.jar!/" type="simple" />
            <root url="jar://D:/program/java-se-8u41-ri/jre/lib/ext/nashorn.jar!/" type="simple" />
            <root url="jar://D:/program/java-se-8u41-ri/jre/lib/ext/sunec.jar!/" type="simple" />
            <root url="jar://D:/program/java-se-8u41-ri/jre/lib/ext/sunjce_provider.jar!/" type="simple" />
            <root url="jar://D:/program/java-se-8u41-ri/jre/lib/ext/sunmscapi.jar!/" type="simple" />
            <root url="jar://D:/program/java-se-8u41-ri/jre/lib/ext/sunpkcs11.jar!/" type="simple" />
            <root url="jar://D:/program/java-se-8u41-ri/jre/lib/ext/zipfs.jar!/" type="simple" />
            <root url="jar://D:/program/java-se-8u41-ri/jre/lib/jce.jar!/" type="simple" />
            <root url="jar://D:/program/java-se-8u41-ri/jre/lib/jsse.jar!/" type="simple" />
            <root url="jar://D:/program/java-se-8u41-ri/jre/lib/management-agent.jar!/" type="simple" />
            <root url="jar://D:/program/java-se-8u41-ri/jre/lib/resources.jar!/" type="simple" />
            <root url="jar://D:/program/java-se-8u41-ri/jre/lib/rt.jar!/" type="simple" />
          </root>
        </classPath>
        <javadocPath>
          <root type="composite" />
        </javadocPath>
        <sourcePath>
          <root type="composite">
            <root url="jar://D:/program/java-se-8u41-ri/src.zip!/" type="simple" />
          </root>
        </sourcePath>
      </roots>
    </jdk>
    <jdk version="2">
      <name value="Android API 26 Platform" />
      <type value="Android SDK" />
      <homePath value="$USER_HOME$/AppData/Local/Android/Sdk" />
      <roots>
        <annotationsPath>
          <root type="composite">
            <root url="jar://$APPLICATION_HOME_DIR$/plugins/android/resources/androidAnnotations.jar!/" type="simple" />
          </root>
        </annotationsPath>
        <classPath>
          <root type="composite">
            <root url="jar://$USER_HOME$/AppData/Local/Android/Sdk/platforms/android-26/android.jar!/" type="simple" />
            <root url="file://$USER_HOME$/AppData/Local/Android/Sdk/platforms/android-26/data/res" type="simple" />
          </root>
        </classPath>
        <javadocPath>
          <root type="composite" />
        </javadocPath>
        <sourcePath>
          <root type="composite">
            <root url="file://$USER_HOME$/AppData/Local/Android/Sdk/sources/android-26" type="simple" />
          </root>
        </sourcePath>
      </roots>
      <additional sdk="android-26" />
    </jdk>
    <jdk version="2">
      <name value="Android API 30 Platform" />
      <type value="Android SDK" />
      <homePath value="$USER_HOME$/AppData/Local/Android/Sdk" />
      <roots>
        <annotationsPath>
          <root type="composite">
            <root url="jar://$USER_HOME$/AppData/Local/Android/Sdk/platforms/android-30/data/annotations.zip!/" type="simple" />
          </root>
        </annotationsPath>
        <classPath>
          <root type="composite">
            <root url="jar://$USER_HOME$/AppData/Local/Android/Sdk/platforms/android-30/android.jar!/" type="simple" />
            <root url="file://$USER_HOME$/AppData/Local/Android/Sdk/platforms/android-30/data/res" type="simple" />
          </root>
        </classPath>
        <javadocPath>
          <root type="composite">
            <root url="http://developer.android.com/reference/" type="simple" />
          </root>
        </javadocPath>
        <sourcePath>
          <root type="composite" />
        </sourcePath>
      </roots>
      <additional sdk="android-30" />
    </jdk>
    <jdk version="2">
      <name value="Android API 25 Platform" />
      <type value="Android SDK" />
      <homePath value="$USER_HOME$/AppData/Local/Android/Sdk" />
      <roots>
        <annotationsPath>
          <root type="composite">
            <root url="jar://$APPLICATION_HOME_DIR$/plugins/android/resources/androidAnnotations.jar!/" type="simple" />
          </root>
        </annotationsPath>
        <classPath>
          <root type="composite">
            <root url="jar://$USER_HOME$/AppData/Local/Android/Sdk/platforms/android-25/android.jar!/" type="simple" />
            <root url="file://$USER_HOME$/AppData/Local/Android/Sdk/platforms/android-25/data/res" type="simple" />
          </root>
        </classPath>
        <javadocPath>
          <root type="composite" />
        </javadocPath>
        <sourcePath>
          <root type="composite">
            <root url="file://$USER_HOME$/AppData/Local/Android/Sdk/sources/android-25" type="simple" />
          </root>
        </sourcePath>
      </roots>
      <additional sdk="android-25" />
    </jdk>
    <jdk version="2">
      <name value="jbr-17" />
      <type value="JavaSDK" />
      <version value="JetBrains Runtime 17.0.11" />
      <homePath value="D:/program/androidstudio/jbr" />
      <roots>
        <annotationsPath>
          <root type="composite">
            <root url="jar://$APPLICATION_HOME_DIR$/plugins/java/lib/resources/jdkAnnotations.jar!/" type="simple" />
          </root>
        </annotationsPath>
        <classPath>
          <root type="composite">
            <root url="jrt://D:/program/androidstudio/jbr!/java.base" type="simple" />
            <root url="jrt://D:/program/androidstudio/jbr!/java.compiler" type="simple" />
            <root url="jrt://D:/program/androidstudio/jbr!/java.datatransfer" type="simple" />
            <root url="jrt://D:/program/androidstudio/jbr!/java.desktop" type="simple" />
            <root url="jrt://D:/program/androidstudio/jbr!/java.instrument" type="simple" />
            <root url="jrt://D:/program/androidstudio/jbr!/java.logging" type="simple" />
            <root url="jrt://D:/program/androidstudio/jbr!/java.management" type="simple" />
            <root url="jrt://D:/program/androidstudio/jbr!/java.management.rmi" type="simple" />
            <root url="jrt://D:/program/androidstudio/jbr!/java.naming" type="simple" />
            <root url="jrt://D:/program/androidstudio/jbr!/java.net.http" type="simple" />
            <root url="jrt://D:/program/androidstudio/jbr!/java.prefs" type="simple" />
            <root url="jrt://D:/program/androidstudio/jbr!/java.rmi" type="simple" />
            <root url="jrt://D:/program/androidstudio/jbr!/java.scripting" type="simple" />
            <root url="jrt://D:/program/androidstudio/jbr!/java.se" type="simple" />
            <root url="jrt://D:/program/androidstudio/jbr!/java.security.jgss" type="simple" />
            <root url="jrt://D:/program/androidstudio/jbr!/java.security.sasl" type="simple" />
            <root url="jrt://D:/program/androidstudio/jbr!/java.smartcardio" type="simple" />
            <root url="jrt://D:/program/androidstudio/jbr!/java.sql" type="simple" />
            <root url="jrt://D:/program/androidstudio/jbr!/java.sql.rowset" type="simple" />
            <root url="jrt://D:/program/androidstudio/jbr!/java.transaction.xa" type="simple" />
            <root url="jrt://D:/program/androidstudio/jbr!/java.xml" type="simple" />
            <root url="jrt://D:/program/androidstudio/jbr!/java.xml.crypto" type="simple" />
            <root url="jrt://D:/program/androidstudio/jbr!/jdk.accessibility" type="simple" />
            <root url="jrt://D:/program/androidstudio/jbr!/jdk.attach" type="simple" />
            <root url="jrt://D:/program/androidstudio/jbr!/jdk.charsets" type="simple" />
            <root url="jrt://D:/program/androidstudio/jbr!/jdk.compiler" type="simple" />
            <root url="jrt://D:/program/androidstudio/jbr!/jdk.crypto.cryptoki" type="simple" />
            <root url="jrt://D:/program/androidstudio/jbr!/jdk.crypto.ec" type="simple" />
            <root url="jrt://D:/program/androidstudio/jbr!/jdk.dynalink" type="simple" />
            <root url="jrt://D:/program/androidstudio/jbr!/jdk.hotspot.agent" type="simple" />
            <root url="jrt://D:/program/androidstudio/jbr!/jdk.httpserver" type="simple" />
            <root url="jrt://D:/program/androidstudio/jbr!/jdk.internal.ed" type="simple" />
            <root url="jrt://D:/program/androidstudio/jbr!/jdk.internal.jvmstat" type="simple" />
            <root url="jrt://D:/program/androidstudio/jbr!/jdk.internal.le" type="simple" />
            <root url="jrt://D:/program/androidstudio/jbr!/jdk.internal.opt" type="simple" />
            <root url="jrt://D:/program/androidstudio/jbr!/jdk.internal.vm.ci" type="simple" />
            <root url="jrt://D:/program/androidstudio/jbr!/jdk.internal.vm.compiler" type="simple" />
            <root url="jrt://D:/program/androidstudio/jbr!/jdk.internal.vm.compiler.management" type="simple" />
            <root url="jrt://D:/program/androidstudio/jbr!/jdk.jartool" type="simple" />
            <root url="jrt://D:/program/androidstudio/jbr!/jdk.javadoc" type="simple" />
            <root url="jrt://D:/program/androidstudio/jbr!/jdk.jcmd" type="simple" />
            <root url="jrt://D:/program/androidstudio/jbr!/jdk.jdeps" type="simple" />
            <root url="jrt://D:/program/androidstudio/jbr!/jdk.jdi" type="simple" />
            <root url="jrt://D:/program/androidstudio/jbr!/jdk.jdwp.agent" type="simple" />
            <root url="jrt://D:/program/androidstudio/jbr!/jdk.jfr" type="simple" />
            <root url="jrt://D:/program/androidstudio/jbr!/jdk.jlink" type="simple" />
            <root url="jrt://D:/program/androidstudio/jbr!/jdk.jsobject" type="simple" />
            <root url="jrt://D:/program/androidstudio/jbr!/jdk.localedata" type="simple" />
            <root url="jrt://D:/program/androidstudio/jbr!/jdk.management" type="simple" />
            <root url="jrt://D:/program/androidstudio/jbr!/jdk.management.agent" type="simple" />
            <root url="jrt://D:/program/androidstudio/jbr!/jdk.management.jfr" type="simple" />
            <root url="jrt://D:/program/androidstudio/jbr!/jdk.naming.dns" type="simple" />
            <root url="jrt://D:/program/androidstudio/jbr!/jdk.naming.rmi" type="simple" />
            <root url="jrt://D:/program/androidstudio/jbr!/jdk.net" type="simple" />
            <root url="jrt://D:/program/androidstudio/jbr!/jdk.sctp" type="simple" />
            <root url="jrt://D:/program/androidstudio/jbr!/jdk.security.auth" type="simple" />
            <root url="jrt://D:/program/androidstudio/jbr!/jdk.security.jgss" type="simple" />
            <root url="jrt://D:/program/androidstudio/jbr!/jdk.unsupported" type="simple" />
            <root url="jrt://D:/program/androidstudio/jbr!/jdk.unsupported.desktop" type="simple" />
            <root url="jrt://D:/program/androidstudio/jbr!/jdk.xml.dom" type="simple" />
            <root url="jrt://D:/program/androidstudio/jbr!/jdk.zipfs" type="simple" />
          </root>
        </classPath>
        <javadocPath>
          <root type="composite" />
        </javadocPath>
        <sourcePath>
          <root type="composite" />
        </sourcePath>
      </roots>
    </jdk>
    <jdk version="2">
      <name value="Android API 34, extension level 7 Platform" />
      <type value="Android SDK" />
      <homePath value="$USER_HOME$/AppData/Local/Android/Sdk" />
      <roots>
        <annotationsPath>
          <root type="composite">
            <root url="jar://$USER_HOME$/AppData/Local/Android/Sdk/platforms/android-34/data/annotations.zip!/" type="simple" />
          </root>
        </annotationsPath>
        <classPath>
          <root type="composite">
            <root url="jar://$USER_HOME$/AppData/Local/Android/Sdk/platforms/android-34/android.jar!/" type="simple" />
            <root url="file://$USER_HOME$/AppData/Local/Android/Sdk/platforms/android-34/data/res" type="simple" />
          </root>
        </classPath>
        <javadocPath>
          <root type="composite" />
        </javadocPath>
        <sourcePath>
          <root type="composite">
            <root url="file://$USER_HOME$/AppData/Local/Android/Sdk/sources/android-34" type="simple" />
          </root>
        </sourcePath>
      </roots>
      <additional sdk="android-34" />
    </jdk>
    <jdk version="2">
      <name value="Android API 35, extension level 13 Platform" />
      <type value="Android SDK" />
      <homePath value="$USER_HOME$/AppData/Local/Android/Sdk" />
      <roots>
        <annotationsPath>
          <root type="composite">
            <root url="jar://$USER_HOME$/AppData/Local/Android/Sdk/platforms/android-35/data/annotations.zip!/" type="simple" />
          </root>
        </annotationsPath>
        <classPath>
          <root type="composite">
            <root url="jar://$USER_HOME$/AppData/Local/Android/Sdk/platforms/android-35/android.jar!/" type="simple" />
            <root url="file://$USER_HOME$/AppData/Local/Android/Sdk/platforms/android-35/data/res" type="simple" />
          </root>
        </classPath>
        <javadocPath>
          <root type="composite" />
        </javadocPath>
        <sourcePath>
          <root type="composite">
            <root url="file://$USER_HOME$/AppData/Local/Android/Sdk/sources/android-35" type="simple" />
          </root>
        </sourcePath>
      </roots>
      <additional sdk="android-35" />
    </jdk>
    <jdk version="2">
      <name value="Kotlin SDK" />
      <type value="KotlinSDK" />
      <homePath value="/" />
      <roots>
        <annotationsPath>
          <root type="composite" />
        </annotationsPath>
        <classPath>
          <root type="composite" />
        </classPath>
        <javadocPath>
          <root type="composite" />
        </javadocPath>
        <sourcePath>
          <root type="composite" />
        </sourcePath>
      </roots>
    </jdk>
    <jdk version="2">
      <name value="jbr-21" />
      <type value="JavaSDK" />
      <version value="JetBrains Runtime 21.0.5" />
      <homePath value="$APPLICATION_HOME_DIR$/jbr" />
      <roots>
        <annotationsPath>
          <root type="composite">
            <root url="jar://$APPLICATION_HOME_DIR$/plugins/java/lib/resources/jdkAnnotations.jar!/" type="simple" />
          </root>
        </annotationsPath>
        <classPath>
          <root type="composite">
            <root url="jrt://$APPLICATION_HOME_DIR$/jbr!/java.base" type="simple" />
            <root url="jrt://$APPLICATION_HOME_DIR$/jbr!/java.compiler" type="simple" />
            <root url="jrt://$APPLICATION_HOME_DIR$/jbr!/java.datatransfer" type="simple" />
            <root url="jrt://$APPLICATION_HOME_DIR$/jbr!/java.desktop" type="simple" />
            <root url="jrt://$APPLICATION_HOME_DIR$/jbr!/java.instrument" type="simple" />
            <root url="jrt://$APPLICATION_HOME_DIR$/jbr!/java.logging" type="simple" />
            <root url="jrt://$APPLICATION_HOME_DIR$/jbr!/java.management" type="simple" />
            <root url="jrt://$APPLICATION_HOME_DIR$/jbr!/java.management.rmi" type="simple" />
            <root url="jrt://$APPLICATION_HOME_DIR$/jbr!/java.naming" type="simple" />
            <root url="jrt://$APPLICATION_HOME_DIR$/jbr!/java.net.http" type="simple" />
            <root url="jrt://$APPLICATION_HOME_DIR$/jbr!/java.prefs" type="simple" />
            <root url="jrt://$APPLICATION_HOME_DIR$/jbr!/java.rmi" type="simple" />
            <root url="jrt://$APPLICATION_HOME_DIR$/jbr!/java.scripting" type="simple" />
            <root url="jrt://$APPLICATION_HOME_DIR$/jbr!/java.se" type="simple" />
            <root url="jrt://$APPLICATION_HOME_DIR$/jbr!/java.security.jgss" type="simple" />
            <root url="jrt://$APPLICATION_HOME_DIR$/jbr!/java.security.sasl" type="simple" />
            <root url="jrt://$APPLICATION_HOME_DIR$/jbr!/java.smartcardio" type="simple" />
            <root url="jrt://$APPLICATION_HOME_DIR$/jbr!/java.sql" type="simple" />
            <root url="jrt://$APPLICATION_HOME_DIR$/jbr!/java.sql.rowset" type="simple" />
            <root url="jrt://$APPLICATION_HOME_DIR$/jbr!/java.transaction.xa" type="simple" />
            <root url="jrt://$APPLICATION_HOME_DIR$/jbr!/java.xml" type="simple" />
            <root url="jrt://$APPLICATION_HOME_DIR$/jbr!/java.xml.crypto" type="simple" />
            <root url="jrt://$APPLICATION_HOME_DIR$/jbr!/jdk.accessibility" type="simple" />
            <root url="jrt://$APPLICATION_HOME_DIR$/jbr!/jdk.attach" type="simple" />
            <root url="jrt://$APPLICATION_HOME_DIR$/jbr!/jdk.charsets" type="simple" />
            <root url="jrt://$APPLICATION_HOME_DIR$/jbr!/jdk.compiler" type="simple" />
            <root url="jrt://$APPLICATION_HOME_DIR$/jbr!/jdk.crypto.cryptoki" type="simple" />
            <root url="jrt://$APPLICATION_HOME_DIR$/jbr!/jdk.crypto.ec" type="simple" />
            <root url="jrt://$APPLICATION_HOME_DIR$/jbr!/jdk.dynalink" type="simple" />
            <root url="jrt://$APPLICATION_HOME_DIR$/jbr!/jdk.hotspot.agent" type="simple" />
            <root url="jrt://$APPLICATION_HOME_DIR$/jbr!/jdk.httpserver" type="simple" />
            <root url="jrt://$APPLICATION_HOME_DIR$/jbr!/jdk.internal.ed" type="simple" />
            <root url="jrt://$APPLICATION_HOME_DIR$/jbr!/jdk.internal.jvmstat" type="simple" />
            <root url="jrt://$APPLICATION_HOME_DIR$/jbr!/jdk.internal.le" type="simple" />
            <root url="jrt://$APPLICATION_HOME_DIR$/jbr!/jdk.internal.opt" type="simple" />
            <root url="jrt://$APPLICATION_HOME_DIR$/jbr!/jdk.internal.vm.ci" type="simple" />
            <root url="jrt://$APPLICATION_HOME_DIR$/jbr!/jdk.jartool" type="simple" />
            <root url="jrt://$APPLICATION_HOME_DIR$/jbr!/jdk.javadoc" type="simple" />
            <root url="jrt://$APPLICATION_HOME_DIR$/jbr!/jdk.jcmd" type="simple" />
            <root url="jrt://$APPLICATION_HOME_DIR$/jbr!/jdk.jdeps" type="simple" />
            <root url="jrt://$APPLICATION_HOME_DIR$/jbr!/jdk.jdi" type="simple" />
            <root url="jrt://$APPLICATION_HOME_DIR$/jbr!/jdk.jdwp.agent" type="simple" />
            <root url="jrt://$APPLICATION_HOME_DIR$/jbr!/jdk.jfr" type="simple" />
            <root url="jrt://$APPLICATION_HOME_DIR$/jbr!/jdk.jlink" type="simple" />
            <root url="jrt://$APPLICATION_HOME_DIR$/jbr!/jdk.jsobject" type="simple" />
            <root url="jrt://$APPLICATION_HOME_DIR$/jbr!/jdk.localedata" type="simple" />
            <root url="jrt://$APPLICATION_HOME_DIR$/jbr!/jdk.management" type="simple" />
            <root url="jrt://$APPLICATION_HOME_DIR$/jbr!/jdk.management.agent" type="simple" />
            <root url="jrt://$APPLICATION_HOME_DIR$/jbr!/jdk.management.jfr" type="simple" />
            <root url="jrt://$APPLICATION_HOME_DIR$/jbr!/jdk.naming.dns" type="simple" />
            <root url="jrt://$APPLICATION_HOME_DIR$/jbr!/jdk.naming.rmi" type="simple" />
            <root url="jrt://$APPLICATION_HOME_DIR$/jbr!/jdk.net" type="simple" />
            <root url="jrt://$APPLICATION_HOME_DIR$/jbr!/jdk.sctp" type="simple" />
            <root url="jrt://$APPLICATION_HOME_DIR$/jbr!/jdk.security.auth" type="simple" />
            <root url="jrt://$APPLICATION_HOME_DIR$/jbr!/jdk.security.jgss" type="simple" />
            <root url="jrt://$APPLICATION_HOME_DIR$/jbr!/jdk.unsupported" type="simple" />
            <root url="jrt://$APPLICATION_HOME_DIR$/jbr!/jdk.unsupported.desktop" type="simple" />
            <root url="jrt://$APPLICATION_HOME_DIR$/jbr!/jdk.xml.dom" type="simple" />
            <root url="jrt://$APPLICATION_HOME_DIR$/jbr!/jdk.zipfs" type="simple" />
          </root>
        </classPath>
        <javadocPath>
          <root type="composite" />
        </javadocPath>
        <sourcePath>
          <root type="composite" />
        </sourcePath>
      </roots>
    </jdk>
    <jdk version="2">
      <name value="Android API 31 Platform" />
      <type value="Android SDK" />
      <homePath value="$USER_HOME$/AppData/Local/Android/Sdk" />
      <roots>
        <annotationsPath>
          <root type="composite">
            <root url="jar://$USER_HOME$/AppData/Local/Android/Sdk/platforms/android-31/data/annotations.zip!/" type="simple" />
          </root>
        </annotationsPath>
        <classPath>
          <root type="composite">
            <root url="jar://$USER_HOME$/AppData/Local/Android/Sdk/platforms/android-31/android.jar!/" type="simple" />
            <root url="file://$USER_HOME$/AppData/Local/Android/Sdk/platforms/android-31/data/res" type="simple" />
          </root>
        </classPath>
        <javadocPath>
          <root type="composite">
            <root url="http://developer.android.com/reference/" type="simple" />
          </root>
        </javadocPath>
        <sourcePath>
          <root type="composite" />
        </sourcePath>
      </roots>
      <additional sdk="android-31" />
    </jdk>
    <jdk version="2">
      <name value="Android API 33, extension level 3 Platform" />
      <type value="Android SDK" />
      <homePath value="$USER_HOME$/AppData/Local/Android/Sdk" />
      <roots>
        <annotationsPath>
          <root type="composite">
            <root url="jar://$USER_HOME$/AppData/Local/Android/Sdk/platforms/android-33/data/annotations.zip!/" type="simple" />
          </root>
        </annotationsPath>
        <classPath>
          <root type="composite">
            <root url="jar://$USER_HOME$/AppData/Local/Android/Sdk/platforms/android-33/android.jar!/" type="simple" />
            <root url="file://$USER_HOME$/AppData/Local/Android/Sdk/platforms/android-33/data/res" type="simple" />
          </root>
        </classPath>
        <javadocPath>
          <root type="composite" />
        </javadocPath>
        <sourcePath>
          <root type="composite">
            <root url="file://$USER_HOME$/AppData/Local/Android/Sdk/sources/android-33" type="simple" />
          </root>
        </sourcePath>
      </roots>
      <additional sdk="android-33" />
    </jdk>
    <jdk version="2">
      <name value="Android API 28 Platform" />
      <type value="Android SDK" />
      <homePath value="$USER_HOME$/AppData/Local/Android/Sdk" />
      <roots>
        <annotationsPath>
          <root type="composite">
            <root url="jar://$USER_HOME$/AppData/Local/Android/Sdk/platforms/android-28/data/annotations.zip!/" type="simple" />
          </root>
        </annotationsPath>
        <classPath>
          <root type="composite">
            <root url="jar://$USER_HOME$/AppData/Local/Android/Sdk/platforms/android-28/android.jar!/" type="simple" />
            <root url="file://$USER_HOME$/AppData/Local/Android/Sdk/platforms/android-28/data/res" type="simple" />
          </root>
        </classPath>
        <javadocPath>
          <root type="composite">
            <root url="http://developer.android.com/reference/" type="simple" />
          </root>
        </javadocPath>
        <sourcePath>
          <root type="composite" />
        </sourcePath>
      </roots>
      <additional sdk="android-28" />
    </jdk>
    <jdk version="2">
      <name value="Android API 27 Platform" />
      <type value="Android SDK" />
      <homePath value="$USER_HOME$/AppData/Local/Android/Sdk" />
      <roots>
        <annotationsPath>
          <root type="composite">
            <root url="jar://$APPLICATION_HOME_DIR$/plugins/android/resources/androidAnnotations.jar!/" type="simple" />
          </root>
        </annotationsPath>
        <classPath>
          <root type="composite">
            <root url="jar://$USER_HOME$/AppData/Local/Android/Sdk/platforms/android-27/android.jar!/" type="simple" />
            <root url="file://$USER_HOME$/AppData/Local/Android/Sdk/platforms/android-27/data/res" type="simple" />
          </root>
        </classPath>
        <javadocPath>
          <root type="composite">
            <root url="http://developer.android.com/reference/" type="simple" />
          </root>
        </javadocPath>
        <sourcePath>
          <root type="composite" />
        </sourcePath>
      </roots>
      <additional sdk="android-27" />
    </jdk>
    <jdk version="2">
      <name value="Android API 36, extension level 17 Platform" />
      <type value="Android SDK" />
      <homePath value="$USER_HOME$/AppData/Local/Android/Sdk" />
      <roots>
        <annotationsPath>
          <root type="composite">
            <root url="jar://$USER_HOME$/AppData/Local/Android/Sdk/platforms/android-36/data/annotations.zip!/" type="simple" />
          </root>
        </annotationsPath>
        <classPath>
          <root type="composite">
            <root url="jar://$USER_HOME$/AppData/Local/Android/Sdk/platforms/android-36/android.jar!/" type="simple" />
            <root url="file://$USER_HOME$/AppData/Local/Android/Sdk/platforms/android-36/data/res" type="simple" />
          </root>
        </classPath>
        <javadocPath>
          <root type="composite">
            <root url="http://developer.android.com/reference/" type="simple" />
          </root>
        </javadocPath>
        <sourcePath>
          <root type="composite" />
        </sourcePath>
      </roots>
      <additional sdk="android-36" />
    </jdk>
  </component>
</application>