<application>
  <component name="BuildProcessSatisfactionSurveyStore">
    <option name="daysWithGradleBuilds" value="93" />
    <option name="firstKotlinGradleBuildTime" value="1723519934" />
    <option name="lastKotlinGradleBuildTime" value="1746667214" />
    <option name="nextCountedGradleBuild" value="1746673331" />
  </component>
  <component name="KotlinNewUserTracker">
    <option name="firstKtFileOpened" value="1723519913" />
    <option name="lastKtFileOpened" value="1746667038" />
    <option name="newKtUserSince" value="1723519913" />
  </component>
</application>