<application>
  <component name="StudioBotSettings">
    <option name="acceptedTermsVersion" value="3" />
    <option name="contextSharingModeV2" value="AlwaysShare" />
    <option name="enableCodeCompletion" value="false" />
    <option name="onboardedVersion" value="3" />
    <option name="queryHistory">
      <list>
        <historyEntry timestamp="1745463259688">你能给出文件吗？</historyEntry>
        <historyEntry timestamp="1745463234122">能分翻译成另一个语言的，日语吧</historyEntry>
        <historyEntry timestamp="1745463219095">你看到这格内容了吗？</historyEntry>
        <historyEntry timestamp="1745463190696">我现在 打开的是什么界面</historyEntry>
        <historyEntry timestamp="1745463180965">你好，能说 中文吗</historyEntry>
        <historyEntry timestamp="1734070372610">Make suggestions to improve this code:
override fun onResume() {
        super.onResume()
        goToMainPrepare(1)
        if (BuildConfig.DEBUG) {
//                    test()
            //            goToMainPrepare(if (BuildConfig.DEBUG) 0 else 1)
        } else {
        }
    }</historyEntry>
        <historyEntry timestamp="1734070355943">Explain the following code: 
override fun onResume() {
        super.onResume()
        goToMainPrepare(1)
        if (BuildConfig.DEBUG) {
//                    test()
            //            goToMainPrepare(if (BuildConfig.DEBUG) 0 else 1)
        } else {
        }
    }</historyEntry>
        <historyEntry timestamp="1734070303854">说中文</historyEntry>
        <historyEntry timestamp="1734070280646">Explain the following code: 
    override fun onResume() {
        super.onResume()
        goToMainPrepare(1)
                if (BuildConfig.DEBUG) {
//                    test()
        //            goToMainPrepare(if (BuildConfig.DEBUG) 0 else 1)
                } else {
                }
    }</historyEntry>
        <historyEntry timestamp="1734070264313">你好</historyEntry>
        <historyEntry timestamp="1734070256823">Hello</historyEntry>
        <historyEntry timestamp="1734070244847">1</historyEntry>
        <historyEntry timestamp="1734070193666">1</historyEntry>
        <historyEntry timestamp="1734070170200">asdasd</historyEntry>
        <historyEntry timestamp="1733992960624">What does the error message &quot;Expecting '}'&quot; mean?</historyEntry>
        <historyEntry timestamp="1731635933985">.、</historyEntry>
      </list>
    </option>
  </component>
</application>