<application>
  <component name="BlockTerminalOptions">
    <option name="promptStyle" value="SINGLE_LINE" />
  </component>
  <component name="BlockTerminalUsage">
    <option name="blockTerminalUsedLastVersion" value="242.23339.11.2421.12550806" />
    <shellToExecutedCommandsNumber>
      <entry key="powershell" value="206" />
    </shellToExecutedCommandsNumber>
  </component>
  <component name="TerminalOptionsProvider">
    <option name="myShellPath" value="C:\Windows\System32\WindowsPowerShell\v1.0\powershell.exe" />
  </component>
</application>