<application>
  <component name="Trusted.Paths">
    <option name="TRUSTED_PROJECT_PATHS">
      <map>
        <entry key="C:\Users\CrowF\Desktop\AdbPad-develop" value="true" />
        <entry key="C:\Users\CrowF\Desktop\AnimSnapHelperDemo-main" value="true" />
        <entry key="C:\Users\CrowF\Desktop\BatteryProtection-main" value="true" />
        <entry key="C:\Users\CrowF\Desktop\EZProtect-main" value="true" />
        <entry key="C:\Users\CrowF\Desktop\GoogleMap-master" value="true" />
        <entry key="C:\Users\CrowF\Desktop\GoogleMapDemo-master" value="true" />
        <entry key="C:\Users\CrowF\Desktop\GoogleMapsExample-main-main" value="true" />
        <entry key="C:\Users\CrowF\Desktop\KotlinProject" value="true" />
        <entry key="C:\Users\CrowF\Desktop\KuiklyDemo" value="true" />
        <entry key="C:\Users\CrowF\Desktop\Ucam" value="true" />
        <entry key="C:\Users\CrowF\Desktop\UcamPlus" value="true" />
        <entry key="C:\Users\CrowF\Desktop\Ucam_doufun20240706\code\Ucam" value="true" />
        <entry key="C:\Users\CrowF\Desktop\clean" value="true" />
        <entry key="C:\Users\CrowF\Desktop\crowforkotlin" value="true" />
        <entry key="C:\Users\CrowF\Desktop\kmodbus-main" value="true" />
        <entry key="C:\Users\CrowF\Desktop\marks" value="true" />
        <entry key="C:\Users\CrowF\Desktop\mordecaix-mouse" value="true" />
        <entry key="C:\Users\CrowF\Desktop\pastemangax-main" value="true" />
        <entry key="C:\Users\CrowF\Desktop\pmx" value="true" />
        <entry key="C:\Users\CrowF\Desktop\test" value="true" />
        <entry key="C:\Users\CrowF\Desktop\textview-main" value="true" />
        <entry key="D:\fish\123" value="true" />
        <entry key="D:\fish\AIVoiceControl" value="true" />
        <entry key="D:\fish\CourseManagerSystem-dev-kt2" value="true" />
        <entry key="D:\fish\KMP-ROOM-ISSUES" value="true" />
        <entry key="D:\fish\KotlinLibBase-main" value="true" />
        <entry key="D:\fish\KtProvider-dev-kt2" value="true" />
        <entry key="D:\fish\MPAndroidChart-master" value="true" />
        <entry key="D:\fish\Mordecai" value="true" />
        <entry key="D:\fish\MordecaiEncrypt" value="true" />
        <entry key="D:\fish\MordecaiFileEncrypt" value="true" />
        <entry key="D:\fish\MordecaiFuntionToAno" value="true" />
        <entry key="D:\fish\MordecaiModuleService" value="true" />
        <entry key="D:\fish\MordecaiRouter" value="true" />
        <entry key="D:\fish\MordecaiX" value="true" />
        <entry key="D:\fish\PasteMangaX-Source-2.0.4" value="true" />
        <entry key="D:\fish\PasteMangaX-Source-main" value="true" />
        <entry key="D:\fish\TestProject" value="true" />
        <entry key="D:\fish\androidx" value="true" />
        <entry key="D:\fish\androidx\compose\material3\material3" value="true" />
        <entry key="D:\fish\compose-samples-main\JetLagged" value="true" />
        <entry key="D:\fish\compose-samples-main\Reply" value="true" />
        <entry key="D:\fish\esp-idf-provisioning-android-versions-avs-ble" value="true" />
        <entry key="D:\fish\hello-kni-mpp-gradle" value="true" />
        <entry key="D:\fish\kmp-native-wizard-main" value="true" />
        <entry key="D:\fish\knn\knn" value="true" />
        <entry key="D:\fish\mihon-main" value="true" />
        <entry key="D:\fish\pastemangax-source-dev" value="true" />
        <entry key="D:\fish\rikkahub" value="true" />
        <entry key="D:\fish\sensortag-main" value="true" />
        <entry key="D:\fish\stickyitemdecoration-main" value="true" />
        <entry key="D:\fish\zoomimage-main" value="true" />
        <entry key="D:\work\DoFunReocrder_New_1080-dev_2.0" value="true" />
        <entry key="D:\work\Recorder_base_1080-master" value="true" />
        <entry key="D:\work\Ucam_doufun20240706\code\Ucam" value="true" />
        <entry key="D:\work\Ucam_doufun20240706\code\UcamPlus" value="true" />
        <entry key="D:\work\dofuncardashboard-master" value="true" />
        <entry key="D:\work\dofuncardashboard-v1.3.6" value="true" />
        <entry key="D:\work\dofunrecorder_2k" value="true" />
      </map>
    </option>
  </component>
</application>