<application>
  <component name="DimensionService">
    <location key="WELCOME_SCREEN.0.0.1920.1080" x="1052" y="294" />
    <location key="find.popup.0.0.1920.1080" x="755" y="137" />
    <location key="find.popup.-1920.0.1920.1080" x="-1199" y="185" />
    <size key="find.popup.0.0.1920.1080" width="955" height="656" />
    <size key="GridCell.Tab.0.left.0.0.1920.1080" width="1723" height="490" />
    <size key="GridCell.Tab.0.center.0.0.1920.1080" width="1723" height="490" />
    <size key="GridCell.Tab.0.right.0.0.1920.1080" width="1723" height="490" />
    <size key="GridCell.Tab.0.bottom.0.0.1920.1080" width="1723" height="490" />
    <size key="GridCell.Tab.1.left.0.0.1920.1080" width="1723" height="487" />
    <size key="GridCell.Tab.1.center.0.0.1920.1080" width="1723" height="487" />
    <size key="GridCell.Tab.1.right.0.0.1920.1080" width="1723" height="487" />
    <size key="GridCell.Tab.1.bottom.0.0.1920.1080" width="1723" height="487" />
    <size key="find.popup.-1920.0.1920.1080" width="739" height="656" />
    <size key="GridCell.Tab.0.right.-1920.0.1920.1080" width="1743" height="305" />
    <size key="GridCell.Tab.0.left.-1920.0.1920.1080" width="1743" height="305" />
    <size key="GridCell.Tab.0.center.-1920.0.1920.1080" width="1743" height="305" />
    <size key="GridCell.Tab.0.bottom.-1920.0.1920.1080" width="1743" height="305" />
    <size key="GridCell.Tab.1.left.-1920.0.1920.1080" width="1739" height="305" />
    <size key="GridCell.Tab.1.center.-1920.0.1920.1080" width="1739" height="305" />
    <size key="GridCell.Tab.1.right.-1920.0.1920.1080" width="1739" height="305" />
    <size key="GridCell.Tab.1.bottom.-1920.0.1920.1080" width="1739" height="305" />
    <size key="javadoc.popup.new.0.0.1920.1080" width="434" height="310" />
    <size key="GridCell.Tab.2.left.0.0.1920.1080" width="1838" height="306" />
    <size key="GridCell.Tab.2.center.0.0.1920.1080" width="1838" height="306" />
    <size key="GridCell.Tab.2.right.0.0.1920.1080" width="1838" height="306" />
    <size key="GridCell.Tab.2.bottom.0.0.1920.1080" width="1838" height="306" />
    <size key="GridCell.Tab.3.left.0.0.1920.1080" width="1838" height="306" />
    <size key="GridCell.Tab.3.center.0.0.1920.1080" width="1838" height="306" />
    <size key="GridCell.Tab.3.right.0.0.1920.1080" width="1838" height="306" />
    <size key="GridCell.Tab.3.bottom.0.0.1920.1080" width="1838" height="306" />
  </component>
  <component name="WindowManager">
    <frame x="67" y="16" width="1861" height="1072" extendedState="6" />
  </component>
  <component name="WindowStateApplicationService">
    <state width="649" height="139" key="ShowUsagesActions.dimensionServiceKey" timestamp="1746606966767">
      <screen x="75" y="24" width="1845" height="1056" />
    </state>
    <state width="649" height="139" key="ShowUsagesActions.dimensionServiceKey/75.24.1845.1056" timestamp="1746606966767" />
    <state x="997" y="484" width="800" height="650" key="WELCOME_SCREEN" timestamp="1745822815908">
      <screen x="75" y="24" width="1845" height="1056" />
    </state>
    <state x="997" y="484" width="800" height="650" key="WELCOME_SCREEN/75.24.1845.1056" timestamp="1745822815908" />
  </component>
</application>