<application>
  <component name="Translation.Cache">
    <option name="lastTrimTime" value="1746408223376" />
  </component>
  <component name="Translation.Settings">
    <option name="primaryLanguage" value="CHINESE_SIMPLIFIED" />
    <option name="translateDocumentation" value="true" />
    <option name="translator" value="GOOGLE" />
  </component>
  <component name="Translation.States">
    <option name="translationDialogHeight" value="261" />
    <option name="translationDialogLocationX" value="645" />
    <option name="translationDialogLocationY" value="614" />
    <histories>
      <item value="end accelerate test" />
      <item value="rate" />
      <item value="STREQUAL" />
      <item value="Ninja" />
      <item value="CMAKE GENERATOR" />
      <item value="Инчове" />
      <item value="Напр. модуля упр" />
      <item value="Нагрузка (расч.)" />
      <item value="Скорость" />
      <item value="Module failed to load: RuntimeError: Aborted(both async and sync fetching of the wasm failed). Build with -sASSERTIONS for more info." />
      <item value="Aborted(both async and sync fetching of the wasm failed). Build with -sASSERTIONS for more info." />
      <item value="JavaScript name (main) generated for this declaration clashes with another declaration: fun main(): Unit" />
      <item value="Type dynamic cannot be used in external function parameter. Only external, primitive, string and function types are supported in Kotlin Wasm JS interop." />
      <item value="defined externally" />
      <item value="accuar" />
      <item value="a'c'cua'r" />
      <item value="a'c'cu'a" />
      <item value="a'c'cu" />
      <item value="获取a" />
      <item value="获取" />
      <item value="acquire module" />
      <item value="back disable" />
      <item value="view did unload" />
      <item value="view did load" />
      <item value="graphic visible" />
      <item value="switch band" />
      <item value="get list type of any" />
      <item value="error: refused,last command is executing" />
      <item value="import" />
      <item value="scheme" />
      <item value="scheme&#10;" />
      <item value="man, this is so confusing" />
      <item value="confusing" />
      <item value="repeace" />
      <item value="peace" />
      <item value="dispose on cancellation" />
      <item value="dispose" />
      <item value="model" />
      <item value="API rate limit exceeded for 13.105.117.177. (But here's the good news: Authenticated requests get a higher rate limit. Check out the documentation for more details.)" />
      <item value="Found 5 objects retained, dumping heap now (app is visible &amp; &gt;=5 threshold)" />
      <item value="portrait" />
      <item value="Landspaceo'r'ta" />
      <item value="Landspace" />
      <item value="Land" />
      <item value="screen scale" />
      <item value="screen rotate" />
      <item value="比例" />
      <item value="dither" />
      <item value="negative text" />
      <item value="油箱液位" />
    </histories>
    <option name="languageScores">
      <map>
        <entry key="BULGARIAN" value="1" />
        <entry key="CHINESE_SIMPLIFIED" value="854" />
        <entry key="ENGLISH" value="855" />
        <entry key="FRENCH" value="3" />
        <entry key="ITALIAN" value="1" />
        <entry key="NORWEGIAN" value="1" />
        <entry key="RUSSIAN" value="3" />
      </map>
    </option>
  </component>
</application>