<application>
  <component name="FileTypeManager" version="19">
    <extensionMap>
      <mapping pattern="module" type="AUTO_DETECTED" />
      <mapping ext="bc" type="PLAIN_TEXT" />
      <mapping ext="knf" type="PLAIN_TEXT" />
      <mapping ext="nvue" type="Vue.js" />
      <mapping ext="uvue" type="Vue.js" />
      <removed_mapping ext="apk" approved="true" type="ARCHIVE" />
      <removed_mapping ext="nvue" approved="true" type="Uniapp FileType" />
      <removed_mapping ext="psd" approved="true" type="Image" />
      <removed_mapping ext="uvue" approved="true" type="Uniapp FileType" />
    </extensionMap>
  </component>
</application>