<application>
  <component name="ProjectJdkTable">
    <jdk version="2">
      <name value="17" />
      <type value="JavaSDK" />
      <version value="Oracle OpenJDK 17.0.1" />
      <homePath value="D:/program/jdk-17.0.1" />
      <roots>
        <annotationsPath>
          <root type="composite">
            <root url="jar://$APPLICATION_HOME_DIR$/plugins/java/lib/resources/jdkAnnotations.jar!/" type="simple" />
          </root>
        </annotationsPath>
        <classPath>
          <root type="composite">
            <root url="jrt://D:/program/jdk-17.0.1!/java.base" type="simple" />
            <root url="jrt://D:/program/jdk-17.0.1!/java.compiler" type="simple" />
            <root url="jrt://D:/program/jdk-17.0.1!/java.datatransfer" type="simple" />
            <root url="jrt://D:/program/jdk-17.0.1!/java.desktop" type="simple" />
            <root url="jrt://D:/program/jdk-17.0.1!/java.instrument" type="simple" />
            <root url="jrt://D:/program/jdk-17.0.1!/java.logging" type="simple" />
            <root url="jrt://D:/program/jdk-17.0.1!/java.management" type="simple" />
            <root url="jrt://D:/program/jdk-17.0.1!/java.management.rmi" type="simple" />
            <root url="jrt://D:/program/jdk-17.0.1!/java.naming" type="simple" />
            <root url="jrt://D:/program/jdk-17.0.1!/java.net.http" type="simple" />
            <root url="jrt://D:/program/jdk-17.0.1!/java.prefs" type="simple" />
            <root url="jrt://D:/program/jdk-17.0.1!/java.rmi" type="simple" />
            <root url="jrt://D:/program/jdk-17.0.1!/java.scripting" type="simple" />
            <root url="jrt://D:/program/jdk-17.0.1!/java.se" type="simple" />
            <root url="jrt://D:/program/jdk-17.0.1!/java.security.jgss" type="simple" />
            <root url="jrt://D:/program/jdk-17.0.1!/java.security.sasl" type="simple" />
            <root url="jrt://D:/program/jdk-17.0.1!/java.smartcardio" type="simple" />
            <root url="jrt://D:/program/jdk-17.0.1!/java.sql" type="simple" />
            <root url="jrt://D:/program/jdk-17.0.1!/java.sql.rowset" type="simple" />
            <root url="jrt://D:/program/jdk-17.0.1!/java.transaction.xa" type="simple" />
            <root url="jrt://D:/program/jdk-17.0.1!/java.xml" type="simple" />
            <root url="jrt://D:/program/jdk-17.0.1!/java.xml.crypto" type="simple" />
            <root url="jrt://D:/program/jdk-17.0.1!/jdk.accessibility" type="simple" />
            <root url="jrt://D:/program/jdk-17.0.1!/jdk.attach" type="simple" />
            <root url="jrt://D:/program/jdk-17.0.1!/jdk.charsets" type="simple" />
            <root url="jrt://D:/program/jdk-17.0.1!/jdk.compiler" type="simple" />
            <root url="jrt://D:/program/jdk-17.0.1!/jdk.crypto.cryptoki" type="simple" />
            <root url="jrt://D:/program/jdk-17.0.1!/jdk.crypto.ec" type="simple" />
            <root url="jrt://D:/program/jdk-17.0.1!/jdk.crypto.mscapi" type="simple" />
            <root url="jrt://D:/program/jdk-17.0.1!/jdk.dynalink" type="simple" />
            <root url="jrt://D:/program/jdk-17.0.1!/jdk.editpad" type="simple" />
            <root url="jrt://D:/program/jdk-17.0.1!/jdk.hotspot.agent" type="simple" />
            <root url="jrt://D:/program/jdk-17.0.1!/jdk.httpserver" type="simple" />
            <root url="jrt://D:/program/jdk-17.0.1!/jdk.incubator.foreign" type="simple" />
            <root url="jrt://D:/program/jdk-17.0.1!/jdk.incubator.vector" type="simple" />
            <root url="jrt://D:/program/jdk-17.0.1!/jdk.internal.ed" type="simple" />
            <root url="jrt://D:/program/jdk-17.0.1!/jdk.internal.jvmstat" type="simple" />
            <root url="jrt://D:/program/jdk-17.0.1!/jdk.internal.le" type="simple" />
            <root url="jrt://D:/program/jdk-17.0.1!/jdk.internal.opt" type="simple" />
            <root url="jrt://D:/program/jdk-17.0.1!/jdk.internal.vm.ci" type="simple" />
            <root url="jrt://D:/program/jdk-17.0.1!/jdk.internal.vm.compiler" type="simple" />
            <root url="jrt://D:/program/jdk-17.0.1!/jdk.internal.vm.compiler.management" type="simple" />
            <root url="jrt://D:/program/jdk-17.0.1!/jdk.jartool" type="simple" />
            <root url="jrt://D:/program/jdk-17.0.1!/jdk.javadoc" type="simple" />
            <root url="jrt://D:/program/jdk-17.0.1!/jdk.jcmd" type="simple" />
            <root url="jrt://D:/program/jdk-17.0.1!/jdk.jconsole" type="simple" />
            <root url="jrt://D:/program/jdk-17.0.1!/jdk.jdeps" type="simple" />
            <root url="jrt://D:/program/jdk-17.0.1!/jdk.jdi" type="simple" />
            <root url="jrt://D:/program/jdk-17.0.1!/jdk.jdwp.agent" type="simple" />
            <root url="jrt://D:/program/jdk-17.0.1!/jdk.jfr" type="simple" />
            <root url="jrt://D:/program/jdk-17.0.1!/jdk.jlink" type="simple" />
            <root url="jrt://D:/program/jdk-17.0.1!/jdk.jpackage" type="simple" />
            <root url="jrt://D:/program/jdk-17.0.1!/jdk.jshell" type="simple" />
            <root url="jrt://D:/program/jdk-17.0.1!/jdk.jsobject" type="simple" />
            <root url="jrt://D:/program/jdk-17.0.1!/jdk.jstatd" type="simple" />
            <root url="jrt://D:/program/jdk-17.0.1!/jdk.localedata" type="simple" />
            <root url="jrt://D:/program/jdk-17.0.1!/jdk.management" type="simple" />
            <root url="jrt://D:/program/jdk-17.0.1!/jdk.management.agent" type="simple" />
            <root url="jrt://D:/program/jdk-17.0.1!/jdk.management.jfr" type="simple" />
            <root url="jrt://D:/program/jdk-17.0.1!/jdk.naming.dns" type="simple" />
            <root url="jrt://D:/program/jdk-17.0.1!/jdk.naming.rmi" type="simple" />
            <root url="jrt://D:/program/jdk-17.0.1!/jdk.net" type="simple" />
            <root url="jrt://D:/program/jdk-17.0.1!/jdk.nio.mapmode" type="simple" />
            <root url="jrt://D:/program/jdk-17.0.1!/jdk.random" type="simple" />
            <root url="jrt://D:/program/jdk-17.0.1!/jdk.sctp" type="simple" />
            <root url="jrt://D:/program/jdk-17.0.1!/jdk.security.auth" type="simple" />
            <root url="jrt://D:/program/jdk-17.0.1!/jdk.security.jgss" type="simple" />
            <root url="jrt://D:/program/jdk-17.0.1!/jdk.unsupported" type="simple" />
            <root url="jrt://D:/program/jdk-17.0.1!/jdk.unsupported.desktop" type="simple" />
            <root url="jrt://D:/program/jdk-17.0.1!/jdk.xml.dom" type="simple" />
            <root url="jrt://D:/program/jdk-17.0.1!/jdk.zipfs" type="simple" />
          </root>
        </classPath>
        <javadocPath>
          <root type="composite" />
        </javadocPath>
        <sourcePath>
          <root type="composite">
            <root url="jar://D:/program/jdk-17.0.1/lib/src.zip!/java.se" type="simple" />
            <root url="jar://D:/program/jdk-17.0.1/lib/src.zip!/jdk.jdi" type="simple" />
            <root url="jar://D:/program/jdk-17.0.1/lib/src.zip!/jdk.jfr" type="simple" />
            <root url="jar://D:/program/jdk-17.0.1/lib/src.zip!/jdk.net" type="simple" />
            <root url="jar://D:/program/jdk-17.0.1/lib/src.zip!/java.rmi" type="simple" />
            <root url="jar://D:/program/jdk-17.0.1/lib/src.zip!/java.sql" type="simple" />
            <root url="jar://D:/program/jdk-17.0.1/lib/src.zip!/java.xml" type="simple" />
            <root url="jar://D:/program/jdk-17.0.1/lib/src.zip!/jdk.jcmd" type="simple" />
            <root url="jar://D:/program/jdk-17.0.1/lib/src.zip!/jdk.sctp" type="simple" />
            <root url="jar://D:/program/jdk-17.0.1/lib/src.zip!/java.base" type="simple" />
            <root url="jar://D:/program/jdk-17.0.1/lib/src.zip!/jdk.jdeps" type="simple" />
            <root url="jar://D:/program/jdk-17.0.1/lib/src.zip!/jdk.jlink" type="simple" />
            <root url="jar://D:/program/jdk-17.0.1/lib/src.zip!/jdk.zipfs" type="simple" />
            <root url="jar://D:/program/jdk-17.0.1/lib/src.zip!/java.prefs" type="simple" />
            <root url="jar://D:/program/jdk-17.0.1/lib/src.zip!/jdk.attach" type="simple" />
            <root url="jar://D:/program/jdk-17.0.1/lib/src.zip!/jdk.jshell" type="simple" />
            <root url="jar://D:/program/jdk-17.0.1/lib/src.zip!/jdk.jstatd" type="simple" />
            <root url="jar://D:/program/jdk-17.0.1/lib/src.zip!/jdk.random" type="simple" />
            <root url="jar://D:/program/jdk-17.0.1/lib/src.zip!/java.naming" type="simple" />
            <root url="jar://D:/program/jdk-17.0.1/lib/src.zip!/jdk.editpad" type="simple" />
            <root url="jar://D:/program/jdk-17.0.1/lib/src.zip!/jdk.jartool" type="simple" />
            <root url="jar://D:/program/jdk-17.0.1/lib/src.zip!/jdk.javadoc" type="simple" />
            <root url="jar://D:/program/jdk-17.0.1/lib/src.zip!/jdk.xml.dom" type="simple" />
            <root url="jar://D:/program/jdk-17.0.1/lib/src.zip!/java.desktop" type="simple" />
            <root url="jar://D:/program/jdk-17.0.1/lib/src.zip!/java.logging" type="simple" />
            <root url="jar://D:/program/jdk-17.0.1/lib/src.zip!/jdk.charsets" type="simple" />
            <root url="jar://D:/program/jdk-17.0.1/lib/src.zip!/jdk.compiler" type="simple" />
            <root url="jar://D:/program/jdk-17.0.1/lib/src.zip!/jdk.dynalink" type="simple" />
            <root url="jar://D:/program/jdk-17.0.1/lib/src.zip!/jdk.jconsole" type="simple" />
            <root url="jar://D:/program/jdk-17.0.1/lib/src.zip!/jdk.jpackage" type="simple" />
            <root url="jar://D:/program/jdk-17.0.1/lib/src.zip!/jdk.jsobject" type="simple" />
            <root url="jar://D:/program/jdk-17.0.1/lib/src.zip!/java.compiler" type="simple" />
            <root url="jar://D:/program/jdk-17.0.1/lib/src.zip!/java.net.http" type="simple" />
            <root url="jar://D:/program/jdk-17.0.1/lib/src.zip!/jdk.crypto.ec" type="simple" />
            <root url="jar://D:/program/jdk-17.0.1/lib/src.zip!/java.scripting" type="simple" />
            <root url="jar://D:/program/jdk-17.0.1/lib/src.zip!/jdk.httpserver" type="simple" />
            <root url="jar://D:/program/jdk-17.0.1/lib/src.zip!/jdk.jdwp.agent" type="simple" />
            <root url="jar://D:/program/jdk-17.0.1/lib/src.zip!/jdk.localedata" type="simple" />
            <root url="jar://D:/program/jdk-17.0.1/lib/src.zip!/jdk.management" type="simple" />
            <root url="jar://D:/program/jdk-17.0.1/lib/src.zip!/jdk.naming.dns" type="simple" />
            <root url="jar://D:/program/jdk-17.0.1/lib/src.zip!/jdk.naming.rmi" type="simple" />
            <root url="jar://D:/program/jdk-17.0.1/lib/src.zip!/java.instrument" type="simple" />
            <root url="jar://D:/program/jdk-17.0.1/lib/src.zip!/java.management" type="simple" />
            <root url="jar://D:/program/jdk-17.0.1/lib/src.zip!/java.sql.rowset" type="simple" />
            <root url="jar://D:/program/jdk-17.0.1/lib/src.zip!/java.xml.crypto" type="simple" />
            <root url="jar://D:/program/jdk-17.0.1/lib/src.zip!/jdk.internal.ed" type="simple" />
            <root url="jar://D:/program/jdk-17.0.1/lib/src.zip!/jdk.internal.le" type="simple" />
            <root url="jar://D:/program/jdk-17.0.1/lib/src.zip!/jdk.nio.mapmode" type="simple" />
            <root url="jar://D:/program/jdk-17.0.1/lib/src.zip!/jdk.unsupported" type="simple" />
            <root url="jar://D:/program/jdk-17.0.1/lib/src.zip!/java.smartcardio" type="simple" />
            <root url="jar://D:/program/jdk-17.0.1/lib/src.zip!/jdk.internal.opt" type="simple" />
            <root url="jar://D:/program/jdk-17.0.1/lib/src.zip!/java.datatransfer" type="simple" />
            <root url="jar://D:/program/jdk-17.0.1/lib/src.zip!/jdk.accessibility" type="simple" />
            <root url="jar://D:/program/jdk-17.0.1/lib/src.zip!/jdk.crypto.mscapi" type="simple" />
            <root url="jar://D:/program/jdk-17.0.1/lib/src.zip!/jdk.hotspot.agent" type="simple" />
            <root url="jar://D:/program/jdk-17.0.1/lib/src.zip!/jdk.security.auth" type="simple" />
            <root url="jar://D:/program/jdk-17.0.1/lib/src.zip!/jdk.security.jgss" type="simple" />
            <root url="jar://D:/program/jdk-17.0.1/lib/src.zip!/java.security.jgss" type="simple" />
            <root url="jar://D:/program/jdk-17.0.1/lib/src.zip!/java.security.sasl" type="simple" />
            <root url="jar://D:/program/jdk-17.0.1/lib/src.zip!/jdk.internal.vm.ci" type="simple" />
            <root url="jar://D:/program/jdk-17.0.1/lib/src.zip!/jdk.management.jfr" type="simple" />
            <root url="jar://D:/program/jdk-17.0.1/lib/src.zip!/java.management.rmi" type="simple" />
            <root url="jar://D:/program/jdk-17.0.1/lib/src.zip!/java.transaction.xa" type="simple" />
            <root url="jar://D:/program/jdk-17.0.1/lib/src.zip!/jdk.crypto.cryptoki" type="simple" />
            <root url="jar://D:/program/jdk-17.0.1/lib/src.zip!/jdk.incubator.vector" type="simple" />
            <root url="jar://D:/program/jdk-17.0.1/lib/src.zip!/jdk.internal.jvmstat" type="simple" />
            <root url="jar://D:/program/jdk-17.0.1/lib/src.zip!/jdk.management.agent" type="simple" />
            <root url="jar://D:/program/jdk-17.0.1/lib/src.zip!/jdk.incubator.foreign" type="simple" />
            <root url="jar://D:/program/jdk-17.0.1/lib/src.zip!/jdk.unsupported.desktop" type="simple" />
            <root url="jar://D:/program/jdk-17.0.1/lib/src.zip!/jdk.internal.vm.compiler" type="simple" />
            <root url="jar://D:/program/jdk-17.0.1/lib/src.zip!/jdk.internal.vm.compiler.management" type="simple" />
          </root>
        </sourcePath>
      </roots>
    </jdk>
    <jdk version="2">
      <name value="11" />
      <type value="JavaSDK" />
      <version value="java version &quot;11.0.24&quot;" />
      <homePath value="$USER_HOME$/.jdks/corretto-11.0.24" />
      <roots>
        <annotationsPath>
          <root type="composite" />
        </annotationsPath>
        <classPath>
          <root type="composite">
            <root url="jrt://$USER_HOME$/.jdks/corretto-11.0.24!/java.base" type="simple" />
            <root url="jrt://$USER_HOME$/.jdks/corretto-11.0.24!/java.compiler" type="simple" />
            <root url="jrt://$USER_HOME$/.jdks/corretto-11.0.24!/java.datatransfer" type="simple" />
            <root url="jrt://$USER_HOME$/.jdks/corretto-11.0.24!/java.desktop" type="simple" />
            <root url="jrt://$USER_HOME$/.jdks/corretto-11.0.24!/java.instrument" type="simple" />
            <root url="jrt://$USER_HOME$/.jdks/corretto-11.0.24!/java.logging" type="simple" />
            <root url="jrt://$USER_HOME$/.jdks/corretto-11.0.24!/java.management" type="simple" />
            <root url="jrt://$USER_HOME$/.jdks/corretto-11.0.24!/java.management.rmi" type="simple" />
            <root url="jrt://$USER_HOME$/.jdks/corretto-11.0.24!/java.naming" type="simple" />
            <root url="jrt://$USER_HOME$/.jdks/corretto-11.0.24!/java.net.http" type="simple" />
            <root url="jrt://$USER_HOME$/.jdks/corretto-11.0.24!/java.prefs" type="simple" />
            <root url="jrt://$USER_HOME$/.jdks/corretto-11.0.24!/java.rmi" type="simple" />
            <root url="jrt://$USER_HOME$/.jdks/corretto-11.0.24!/java.scripting" type="simple" />
            <root url="jrt://$USER_HOME$/.jdks/corretto-11.0.24!/java.se" type="simple" />
            <root url="jrt://$USER_HOME$/.jdks/corretto-11.0.24!/java.security.jgss" type="simple" />
            <root url="jrt://$USER_HOME$/.jdks/corretto-11.0.24!/java.security.sasl" type="simple" />
            <root url="jrt://$USER_HOME$/.jdks/corretto-11.0.24!/java.smartcardio" type="simple" />
            <root url="jrt://$USER_HOME$/.jdks/corretto-11.0.24!/java.sql" type="simple" />
            <root url="jrt://$USER_HOME$/.jdks/corretto-11.0.24!/java.sql.rowset" type="simple" />
            <root url="jrt://$USER_HOME$/.jdks/corretto-11.0.24!/java.transaction.xa" type="simple" />
            <root url="jrt://$USER_HOME$/.jdks/corretto-11.0.24!/java.xml" type="simple" />
            <root url="jrt://$USER_HOME$/.jdks/corretto-11.0.24!/java.xml.crypto" type="simple" />
            <root url="jrt://$USER_HOME$/.jdks/corretto-11.0.24!/jdk.accessibility" type="simple" />
            <root url="jrt://$USER_HOME$/.jdks/corretto-11.0.24!/jdk.aot" type="simple" />
            <root url="jrt://$USER_HOME$/.jdks/corretto-11.0.24!/jdk.attach" type="simple" />
            <root url="jrt://$USER_HOME$/.jdks/corretto-11.0.24!/jdk.charsets" type="simple" />
            <root url="jrt://$USER_HOME$/.jdks/corretto-11.0.24!/jdk.compiler" type="simple" />
            <root url="jrt://$USER_HOME$/.jdks/corretto-11.0.24!/jdk.crypto.cryptoki" type="simple" />
            <root url="jrt://$USER_HOME$/.jdks/corretto-11.0.24!/jdk.crypto.ec" type="simple" />
            <root url="jrt://$USER_HOME$/.jdks/corretto-11.0.24!/jdk.crypto.mscapi" type="simple" />
            <root url="jrt://$USER_HOME$/.jdks/corretto-11.0.24!/jdk.dynalink" type="simple" />
            <root url="jrt://$USER_HOME$/.jdks/corretto-11.0.24!/jdk.editpad" type="simple" />
            <root url="jrt://$USER_HOME$/.jdks/corretto-11.0.24!/jdk.hotspot.agent" type="simple" />
            <root url="jrt://$USER_HOME$/.jdks/corretto-11.0.24!/jdk.httpserver" type="simple" />
            <root url="jrt://$USER_HOME$/.jdks/corretto-11.0.24!/jdk.internal.ed" type="simple" />
            <root url="jrt://$USER_HOME$/.jdks/corretto-11.0.24!/jdk.internal.jvmstat" type="simple" />
            <root url="jrt://$USER_HOME$/.jdks/corretto-11.0.24!/jdk.internal.le" type="simple" />
            <root url="jrt://$USER_HOME$/.jdks/corretto-11.0.24!/jdk.internal.opt" type="simple" />
            <root url="jrt://$USER_HOME$/.jdks/corretto-11.0.24!/jdk.internal.vm.ci" type="simple" />
            <root url="jrt://$USER_HOME$/.jdks/corretto-11.0.24!/jdk.internal.vm.compiler" type="simple" />
            <root url="jrt://$USER_HOME$/.jdks/corretto-11.0.24!/jdk.internal.vm.compiler.management" type="simple" />
            <root url="jrt://$USER_HOME$/.jdks/corretto-11.0.24!/jdk.jartool" type="simple" />
            <root url="jrt://$USER_HOME$/.jdks/corretto-11.0.24!/jdk.javadoc" type="simple" />
            <root url="jrt://$USER_HOME$/.jdks/corretto-11.0.24!/jdk.jcmd" type="simple" />
            <root url="jrt://$USER_HOME$/.jdks/corretto-11.0.24!/jdk.jconsole" type="simple" />
            <root url="jrt://$USER_HOME$/.jdks/corretto-11.0.24!/jdk.jdeps" type="simple" />
            <root url="jrt://$USER_HOME$/.jdks/corretto-11.0.24!/jdk.jdi" type="simple" />
            <root url="jrt://$USER_HOME$/.jdks/corretto-11.0.24!/jdk.jdwp.agent" type="simple" />
            <root url="jrt://$USER_HOME$/.jdks/corretto-11.0.24!/jdk.jfr" type="simple" />
            <root url="jrt://$USER_HOME$/.jdks/corretto-11.0.24!/jdk.jlink" type="simple" />
            <root url="jrt://$USER_HOME$/.jdks/corretto-11.0.24!/jdk.jshell" type="simple" />
            <root url="jrt://$USER_HOME$/.jdks/corretto-11.0.24!/jdk.jsobject" type="simple" />
            <root url="jrt://$USER_HOME$/.jdks/corretto-11.0.24!/jdk.jstatd" type="simple" />
            <root url="jrt://$USER_HOME$/.jdks/corretto-11.0.24!/jdk.localedata" type="simple" />
            <root url="jrt://$USER_HOME$/.jdks/corretto-11.0.24!/jdk.management" type="simple" />
            <root url="jrt://$USER_HOME$/.jdks/corretto-11.0.24!/jdk.management.agent" type="simple" />
            <root url="jrt://$USER_HOME$/.jdks/corretto-11.0.24!/jdk.management.jfr" type="simple" />
            <root url="jrt://$USER_HOME$/.jdks/corretto-11.0.24!/jdk.naming.dns" type="simple" />
            <root url="jrt://$USER_HOME$/.jdks/corretto-11.0.24!/jdk.naming.ldap" type="simple" />
            <root url="jrt://$USER_HOME$/.jdks/corretto-11.0.24!/jdk.naming.rmi" type="simple" />
            <root url="jrt://$USER_HOME$/.jdks/corretto-11.0.24!/jdk.net" type="simple" />
            <root url="jrt://$USER_HOME$/.jdks/corretto-11.0.24!/jdk.pack" type="simple" />
            <root url="jrt://$USER_HOME$/.jdks/corretto-11.0.24!/jdk.rmic" type="simple" />
            <root url="jrt://$USER_HOME$/.jdks/corretto-11.0.24!/jdk.scripting.nashorn" type="simple" />
            <root url="jrt://$USER_HOME$/.jdks/corretto-11.0.24!/jdk.scripting.nashorn.shell" type="simple" />
            <root url="jrt://$USER_HOME$/.jdks/corretto-11.0.24!/jdk.sctp" type="simple" />
            <root url="jrt://$USER_HOME$/.jdks/corretto-11.0.24!/jdk.security.auth" type="simple" />
            <root url="jrt://$USER_HOME$/.jdks/corretto-11.0.24!/jdk.security.jgss" type="simple" />
            <root url="jrt://$USER_HOME$/.jdks/corretto-11.0.24!/jdk.unsupported" type="simple" />
            <root url="jrt://$USER_HOME$/.jdks/corretto-11.0.24!/jdk.unsupported.desktop" type="simple" />
            <root url="jrt://$USER_HOME$/.jdks/corretto-11.0.24!/jdk.xml.dom" type="simple" />
            <root url="jrt://$USER_HOME$/.jdks/corretto-11.0.24!/jdk.zipfs" type="simple" />
          </root>
        </classPath>
        <javadocPath>
          <root type="composite" />
        </javadocPath>
        <sourcePath>
          <root type="composite">
            <root url="jar://$USER_HOME$/.jdks/corretto-11.0.24/lib/src.zip!/java.se" type="simple" />
            <root url="jar://$USER_HOME$/.jdks/corretto-11.0.24/lib/src.zip!/jdk.aot" type="simple" />
            <root url="jar://$USER_HOME$/.jdks/corretto-11.0.24/lib/src.zip!/jdk.jdi" type="simple" />
            <root url="jar://$USER_HOME$/.jdks/corretto-11.0.24/lib/src.zip!/jdk.jfr" type="simple" />
            <root url="jar://$USER_HOME$/.jdks/corretto-11.0.24/lib/src.zip!/jdk.net" type="simple" />
            <root url="jar://$USER_HOME$/.jdks/corretto-11.0.24/lib/src.zip!/java.rmi" type="simple" />
            <root url="jar://$USER_HOME$/.jdks/corretto-11.0.24/lib/src.zip!/java.sql" type="simple" />
            <root url="jar://$USER_HOME$/.jdks/corretto-11.0.24/lib/src.zip!/java.xml" type="simple" />
            <root url="jar://$USER_HOME$/.jdks/corretto-11.0.24/lib/src.zip!/jdk.jcmd" type="simple" />
            <root url="jar://$USER_HOME$/.jdks/corretto-11.0.24/lib/src.zip!/jdk.pack" type="simple" />
            <root url="jar://$USER_HOME$/.jdks/corretto-11.0.24/lib/src.zip!/jdk.rmic" type="simple" />
            <root url="jar://$USER_HOME$/.jdks/corretto-11.0.24/lib/src.zip!/jdk.sctp" type="simple" />
            <root url="jar://$USER_HOME$/.jdks/corretto-11.0.24/lib/src.zip!/java.base" type="simple" />
            <root url="jar://$USER_HOME$/.jdks/corretto-11.0.24/lib/src.zip!/jdk.jdeps" type="simple" />
            <root url="jar://$USER_HOME$/.jdks/corretto-11.0.24/lib/src.zip!/jdk.jlink" type="simple" />
            <root url="jar://$USER_HOME$/.jdks/corretto-11.0.24/lib/src.zip!/jdk.zipfs" type="simple" />
            <root url="jar://$USER_HOME$/.jdks/corretto-11.0.24/lib/src.zip!/java.prefs" type="simple" />
            <root url="jar://$USER_HOME$/.jdks/corretto-11.0.24/lib/src.zip!/jdk.attach" type="simple" />
            <root url="jar://$USER_HOME$/.jdks/corretto-11.0.24/lib/src.zip!/jdk.jshell" type="simple" />
            <root url="jar://$USER_HOME$/.jdks/corretto-11.0.24/lib/src.zip!/jdk.jstatd" type="simple" />
            <root url="jar://$USER_HOME$/.jdks/corretto-11.0.24/lib/src.zip!/java.naming" type="simple" />
            <root url="jar://$USER_HOME$/.jdks/corretto-11.0.24/lib/src.zip!/jdk.editpad" type="simple" />
            <root url="jar://$USER_HOME$/.jdks/corretto-11.0.24/lib/src.zip!/jdk.jartool" type="simple" />
            <root url="jar://$USER_HOME$/.jdks/corretto-11.0.24/lib/src.zip!/jdk.javadoc" type="simple" />
            <root url="jar://$USER_HOME$/.jdks/corretto-11.0.24/lib/src.zip!/jdk.xml.dom" type="simple" />
            <root url="jar://$USER_HOME$/.jdks/corretto-11.0.24/lib/src.zip!/java.desktop" type="simple" />
            <root url="jar://$USER_HOME$/.jdks/corretto-11.0.24/lib/src.zip!/java.logging" type="simple" />
            <root url="jar://$USER_HOME$/.jdks/corretto-11.0.24/lib/src.zip!/jdk.charsets" type="simple" />
            <root url="jar://$USER_HOME$/.jdks/corretto-11.0.24/lib/src.zip!/jdk.compiler" type="simple" />
            <root url="jar://$USER_HOME$/.jdks/corretto-11.0.24/lib/src.zip!/jdk.dynalink" type="simple" />
            <root url="jar://$USER_HOME$/.jdks/corretto-11.0.24/lib/src.zip!/jdk.jconsole" type="simple" />
            <root url="jar://$USER_HOME$/.jdks/corretto-11.0.24/lib/src.zip!/jdk.jsobject" type="simple" />
            <root url="jar://$USER_HOME$/.jdks/corretto-11.0.24/lib/src.zip!/java.compiler" type="simple" />
            <root url="jar://$USER_HOME$/.jdks/corretto-11.0.24/lib/src.zip!/java.net.http" type="simple" />
            <root url="jar://$USER_HOME$/.jdks/corretto-11.0.24/lib/src.zip!/jdk.crypto.ec" type="simple" />
            <root url="jar://$USER_HOME$/.jdks/corretto-11.0.24/lib/src.zip!/java.scripting" type="simple" />
            <root url="jar://$USER_HOME$/.jdks/corretto-11.0.24/lib/src.zip!/jdk.httpserver" type="simple" />
            <root url="jar://$USER_HOME$/.jdks/corretto-11.0.24/lib/src.zip!/jdk.jdwp.agent" type="simple" />
            <root url="jar://$USER_HOME$/.jdks/corretto-11.0.24/lib/src.zip!/jdk.localedata" type="simple" />
            <root url="jar://$USER_HOME$/.jdks/corretto-11.0.24/lib/src.zip!/jdk.management" type="simple" />
            <root url="jar://$USER_HOME$/.jdks/corretto-11.0.24/lib/src.zip!/jdk.naming.dns" type="simple" />
            <root url="jar://$USER_HOME$/.jdks/corretto-11.0.24/lib/src.zip!/jdk.naming.rmi" type="simple" />
            <root url="jar://$USER_HOME$/.jdks/corretto-11.0.24/lib/src.zip!/java.instrument" type="simple" />
            <root url="jar://$USER_HOME$/.jdks/corretto-11.0.24/lib/src.zip!/java.management" type="simple" />
            <root url="jar://$USER_HOME$/.jdks/corretto-11.0.24/lib/src.zip!/java.sql.rowset" type="simple" />
            <root url="jar://$USER_HOME$/.jdks/corretto-11.0.24/lib/src.zip!/java.xml.crypto" type="simple" />
            <root url="jar://$USER_HOME$/.jdks/corretto-11.0.24/lib/src.zip!/jdk.internal.ed" type="simple" />
            <root url="jar://$USER_HOME$/.jdks/corretto-11.0.24/lib/src.zip!/jdk.internal.le" type="simple" />
            <root url="jar://$USER_HOME$/.jdks/corretto-11.0.24/lib/src.zip!/jdk.naming.ldap" type="simple" />
            <root url="jar://$USER_HOME$/.jdks/corretto-11.0.24/lib/src.zip!/jdk.unsupported" type="simple" />
            <root url="jar://$USER_HOME$/.jdks/corretto-11.0.24/lib/src.zip!/java.smartcardio" type="simple" />
            <root url="jar://$USER_HOME$/.jdks/corretto-11.0.24/lib/src.zip!/jdk.internal.opt" type="simple" />
            <root url="jar://$USER_HOME$/.jdks/corretto-11.0.24/lib/src.zip!/java.datatransfer" type="simple" />
            <root url="jar://$USER_HOME$/.jdks/corretto-11.0.24/lib/src.zip!/jdk.accessibility" type="simple" />
            <root url="jar://$USER_HOME$/.jdks/corretto-11.0.24/lib/src.zip!/jdk.crypto.mscapi" type="simple" />
            <root url="jar://$USER_HOME$/.jdks/corretto-11.0.24/lib/src.zip!/jdk.hotspot.agent" type="simple" />
            <root url="jar://$USER_HOME$/.jdks/corretto-11.0.24/lib/src.zip!/jdk.security.auth" type="simple" />
            <root url="jar://$USER_HOME$/.jdks/corretto-11.0.24/lib/src.zip!/jdk.security.jgss" type="simple" />
            <root url="jar://$USER_HOME$/.jdks/corretto-11.0.24/lib/src.zip!/java.security.jgss" type="simple" />
            <root url="jar://$USER_HOME$/.jdks/corretto-11.0.24/lib/src.zip!/java.security.sasl" type="simple" />
            <root url="jar://$USER_HOME$/.jdks/corretto-11.0.24/lib/src.zip!/jdk.internal.vm.ci" type="simple" />
            <root url="jar://$USER_HOME$/.jdks/corretto-11.0.24/lib/src.zip!/jdk.management.jfr" type="simple" />
            <root url="jar://$USER_HOME$/.jdks/corretto-11.0.24/lib/src.zip!/java.management.rmi" type="simple" />
            <root url="jar://$USER_HOME$/.jdks/corretto-11.0.24/lib/src.zip!/java.transaction.xa" type="simple" />
            <root url="jar://$USER_HOME$/.jdks/corretto-11.0.24/lib/src.zip!/jdk.crypto.cryptoki" type="simple" />
            <root url="jar://$USER_HOME$/.jdks/corretto-11.0.24/lib/src.zip!/jdk.internal.jvmstat" type="simple" />
            <root url="jar://$USER_HOME$/.jdks/corretto-11.0.24/lib/src.zip!/jdk.management.agent" type="simple" />
            <root url="jar://$USER_HOME$/.jdks/corretto-11.0.24/lib/src.zip!/jdk.scripting.nashorn" type="simple" />
            <root url="jar://$USER_HOME$/.jdks/corretto-11.0.24/lib/src.zip!/jdk.unsupported.desktop" type="simple" />
            <root url="jar://$USER_HOME$/.jdks/corretto-11.0.24/lib/src.zip!/jdk.internal.vm.compiler" type="simple" />
            <root url="jar://$USER_HOME$/.jdks/corretto-11.0.24/lib/src.zip!/jdk.scripting.nashorn.shell" type="simple" />
            <root url="jar://$USER_HOME$/.jdks/corretto-11.0.24/lib/src.zip!/jdk.internal.vm.compiler.management" type="simple" />
          </root>
        </sourcePath>
      </roots>
    </jdk>
    <jdk version="2">
      <name value="Kotlin SDK" />
      <type value="KotlinSDK" />
      <homePath value="/" />
      <roots>
        <annotationsPath>
          <root type="composite" />
        </annotationsPath>
        <classPath>
          <root type="composite" />
        </classPath>
        <javadocPath>
          <root type="composite" />
        </javadocPath>
        <sourcePath>
          <root type="composite" />
        </sourcePath>
      </roots>
    </jdk>
    <jdk version="2">
      <name value="temurin-21" />
      <type value="JavaSDK" />
      <version value="Eclipse Temurin 21.0.4" />
      <homePath value="$USER_HOME$/.gradle/jdks/eclipse_adoptium-21-amd64-windows/jdk-21.0.4+7" />
      <roots>
        <annotationsPath>
          <root type="composite">
            <root url="jar://$APPLICATION_HOME_DIR$/plugins/java/lib/resources/jdkAnnotations.jar!/" type="simple" />
          </root>
        </annotationsPath>
        <classPath>
          <root type="composite">
            <root url="jrt://$USER_HOME$/.gradle/jdks/eclipse_adoptium-21-amd64-windows/jdk-21.0.4+7!/java.base" type="simple" />
            <root url="jrt://$USER_HOME$/.gradle/jdks/eclipse_adoptium-21-amd64-windows/jdk-21.0.4+7!/java.compiler" type="simple" />
            <root url="jrt://$USER_HOME$/.gradle/jdks/eclipse_adoptium-21-amd64-windows/jdk-21.0.4+7!/java.datatransfer" type="simple" />
            <root url="jrt://$USER_HOME$/.gradle/jdks/eclipse_adoptium-21-amd64-windows/jdk-21.0.4+7!/java.desktop" type="simple" />
            <root url="jrt://$USER_HOME$/.gradle/jdks/eclipse_adoptium-21-amd64-windows/jdk-21.0.4+7!/java.instrument" type="simple" />
            <root url="jrt://$USER_HOME$/.gradle/jdks/eclipse_adoptium-21-amd64-windows/jdk-21.0.4+7!/java.logging" type="simple" />
            <root url="jrt://$USER_HOME$/.gradle/jdks/eclipse_adoptium-21-amd64-windows/jdk-21.0.4+7!/java.management" type="simple" />
            <root url="jrt://$USER_HOME$/.gradle/jdks/eclipse_adoptium-21-amd64-windows/jdk-21.0.4+7!/java.management.rmi" type="simple" />
            <root url="jrt://$USER_HOME$/.gradle/jdks/eclipse_adoptium-21-amd64-windows/jdk-21.0.4+7!/java.naming" type="simple" />
            <root url="jrt://$USER_HOME$/.gradle/jdks/eclipse_adoptium-21-amd64-windows/jdk-21.0.4+7!/java.net.http" type="simple" />
            <root url="jrt://$USER_HOME$/.gradle/jdks/eclipse_adoptium-21-amd64-windows/jdk-21.0.4+7!/java.prefs" type="simple" />
            <root url="jrt://$USER_HOME$/.gradle/jdks/eclipse_adoptium-21-amd64-windows/jdk-21.0.4+7!/java.rmi" type="simple" />
            <root url="jrt://$USER_HOME$/.gradle/jdks/eclipse_adoptium-21-amd64-windows/jdk-21.0.4+7!/java.scripting" type="simple" />
            <root url="jrt://$USER_HOME$/.gradle/jdks/eclipse_adoptium-21-amd64-windows/jdk-21.0.4+7!/java.se" type="simple" />
            <root url="jrt://$USER_HOME$/.gradle/jdks/eclipse_adoptium-21-amd64-windows/jdk-21.0.4+7!/java.security.jgss" type="simple" />
            <root url="jrt://$USER_HOME$/.gradle/jdks/eclipse_adoptium-21-amd64-windows/jdk-21.0.4+7!/java.security.sasl" type="simple" />
            <root url="jrt://$USER_HOME$/.gradle/jdks/eclipse_adoptium-21-amd64-windows/jdk-21.0.4+7!/java.smartcardio" type="simple" />
            <root url="jrt://$USER_HOME$/.gradle/jdks/eclipse_adoptium-21-amd64-windows/jdk-21.0.4+7!/java.sql" type="simple" />
            <root url="jrt://$USER_HOME$/.gradle/jdks/eclipse_adoptium-21-amd64-windows/jdk-21.0.4+7!/java.sql.rowset" type="simple" />
            <root url="jrt://$USER_HOME$/.gradle/jdks/eclipse_adoptium-21-amd64-windows/jdk-21.0.4+7!/java.transaction.xa" type="simple" />
            <root url="jrt://$USER_HOME$/.gradle/jdks/eclipse_adoptium-21-amd64-windows/jdk-21.0.4+7!/java.xml" type="simple" />
            <root url="jrt://$USER_HOME$/.gradle/jdks/eclipse_adoptium-21-amd64-windows/jdk-21.0.4+7!/java.xml.crypto" type="simple" />
            <root url="jrt://$USER_HOME$/.gradle/jdks/eclipse_adoptium-21-amd64-windows/jdk-21.0.4+7!/jdk.accessibility" type="simple" />
            <root url="jrt://$USER_HOME$/.gradle/jdks/eclipse_adoptium-21-amd64-windows/jdk-21.0.4+7!/jdk.attach" type="simple" />
            <root url="jrt://$USER_HOME$/.gradle/jdks/eclipse_adoptium-21-amd64-windows/jdk-21.0.4+7!/jdk.charsets" type="simple" />
            <root url="jrt://$USER_HOME$/.gradle/jdks/eclipse_adoptium-21-amd64-windows/jdk-21.0.4+7!/jdk.compiler" type="simple" />
            <root url="jrt://$USER_HOME$/.gradle/jdks/eclipse_adoptium-21-amd64-windows/jdk-21.0.4+7!/jdk.crypto.cryptoki" type="simple" />
            <root url="jrt://$USER_HOME$/.gradle/jdks/eclipse_adoptium-21-amd64-windows/jdk-21.0.4+7!/jdk.crypto.ec" type="simple" />
            <root url="jrt://$USER_HOME$/.gradle/jdks/eclipse_adoptium-21-amd64-windows/jdk-21.0.4+7!/jdk.crypto.mscapi" type="simple" />
            <root url="jrt://$USER_HOME$/.gradle/jdks/eclipse_adoptium-21-amd64-windows/jdk-21.0.4+7!/jdk.dynalink" type="simple" />
            <root url="jrt://$USER_HOME$/.gradle/jdks/eclipse_adoptium-21-amd64-windows/jdk-21.0.4+7!/jdk.editpad" type="simple" />
            <root url="jrt://$USER_HOME$/.gradle/jdks/eclipse_adoptium-21-amd64-windows/jdk-21.0.4+7!/jdk.hotspot.agent" type="simple" />
            <root url="jrt://$USER_HOME$/.gradle/jdks/eclipse_adoptium-21-amd64-windows/jdk-21.0.4+7!/jdk.httpserver" type="simple" />
            <root url="jrt://$USER_HOME$/.gradle/jdks/eclipse_adoptium-21-amd64-windows/jdk-21.0.4+7!/jdk.incubator.vector" type="simple" />
            <root url="jrt://$USER_HOME$/.gradle/jdks/eclipse_adoptium-21-amd64-windows/jdk-21.0.4+7!/jdk.internal.ed" type="simple" />
            <root url="jrt://$USER_HOME$/.gradle/jdks/eclipse_adoptium-21-amd64-windows/jdk-21.0.4+7!/jdk.internal.jvmstat" type="simple" />
            <root url="jrt://$USER_HOME$/.gradle/jdks/eclipse_adoptium-21-amd64-windows/jdk-21.0.4+7!/jdk.internal.le" type="simple" />
            <root url="jrt://$USER_HOME$/.gradle/jdks/eclipse_adoptium-21-amd64-windows/jdk-21.0.4+7!/jdk.internal.opt" type="simple" />
            <root url="jrt://$USER_HOME$/.gradle/jdks/eclipse_adoptium-21-amd64-windows/jdk-21.0.4+7!/jdk.internal.vm.ci" type="simple" />
            <root url="jrt://$USER_HOME$/.gradle/jdks/eclipse_adoptium-21-amd64-windows/jdk-21.0.4+7!/jdk.internal.vm.compiler" type="simple" />
            <root url="jrt://$USER_HOME$/.gradle/jdks/eclipse_adoptium-21-amd64-windows/jdk-21.0.4+7!/jdk.internal.vm.compiler.management" type="simple" />
            <root url="jrt://$USER_HOME$/.gradle/jdks/eclipse_adoptium-21-amd64-windows/jdk-21.0.4+7!/jdk.jartool" type="simple" />
            <root url="jrt://$USER_HOME$/.gradle/jdks/eclipse_adoptium-21-amd64-windows/jdk-21.0.4+7!/jdk.javadoc" type="simple" />
            <root url="jrt://$USER_HOME$/.gradle/jdks/eclipse_adoptium-21-amd64-windows/jdk-21.0.4+7!/jdk.jcmd" type="simple" />
            <root url="jrt://$USER_HOME$/.gradle/jdks/eclipse_adoptium-21-amd64-windows/jdk-21.0.4+7!/jdk.jconsole" type="simple" />
            <root url="jrt://$USER_HOME$/.gradle/jdks/eclipse_adoptium-21-amd64-windows/jdk-21.0.4+7!/jdk.jdeps" type="simple" />
            <root url="jrt://$USER_HOME$/.gradle/jdks/eclipse_adoptium-21-amd64-windows/jdk-21.0.4+7!/jdk.jdi" type="simple" />
            <root url="jrt://$USER_HOME$/.gradle/jdks/eclipse_adoptium-21-amd64-windows/jdk-21.0.4+7!/jdk.jdwp.agent" type="simple" />
            <root url="jrt://$USER_HOME$/.gradle/jdks/eclipse_adoptium-21-amd64-windows/jdk-21.0.4+7!/jdk.jfr" type="simple" />
            <root url="jrt://$USER_HOME$/.gradle/jdks/eclipse_adoptium-21-amd64-windows/jdk-21.0.4+7!/jdk.jlink" type="simple" />
            <root url="jrt://$USER_HOME$/.gradle/jdks/eclipse_adoptium-21-amd64-windows/jdk-21.0.4+7!/jdk.jpackage" type="simple" />
            <root url="jrt://$USER_HOME$/.gradle/jdks/eclipse_adoptium-21-amd64-windows/jdk-21.0.4+7!/jdk.jshell" type="simple" />
            <root url="jrt://$USER_HOME$/.gradle/jdks/eclipse_adoptium-21-amd64-windows/jdk-21.0.4+7!/jdk.jsobject" type="simple" />
            <root url="jrt://$USER_HOME$/.gradle/jdks/eclipse_adoptium-21-amd64-windows/jdk-21.0.4+7!/jdk.jstatd" type="simple" />
            <root url="jrt://$USER_HOME$/.gradle/jdks/eclipse_adoptium-21-amd64-windows/jdk-21.0.4+7!/jdk.localedata" type="simple" />
            <root url="jrt://$USER_HOME$/.gradle/jdks/eclipse_adoptium-21-amd64-windows/jdk-21.0.4+7!/jdk.management" type="simple" />
            <root url="jrt://$USER_HOME$/.gradle/jdks/eclipse_adoptium-21-amd64-windows/jdk-21.0.4+7!/jdk.management.agent" type="simple" />
            <root url="jrt://$USER_HOME$/.gradle/jdks/eclipse_adoptium-21-amd64-windows/jdk-21.0.4+7!/jdk.management.jfr" type="simple" />
            <root url="jrt://$USER_HOME$/.gradle/jdks/eclipse_adoptium-21-amd64-windows/jdk-21.0.4+7!/jdk.naming.dns" type="simple" />
            <root url="jrt://$USER_HOME$/.gradle/jdks/eclipse_adoptium-21-amd64-windows/jdk-21.0.4+7!/jdk.naming.rmi" type="simple" />
            <root url="jrt://$USER_HOME$/.gradle/jdks/eclipse_adoptium-21-amd64-windows/jdk-21.0.4+7!/jdk.net" type="simple" />
            <root url="jrt://$USER_HOME$/.gradle/jdks/eclipse_adoptium-21-amd64-windows/jdk-21.0.4+7!/jdk.nio.mapmode" type="simple" />
            <root url="jrt://$USER_HOME$/.gradle/jdks/eclipse_adoptium-21-amd64-windows/jdk-21.0.4+7!/jdk.random" type="simple" />
            <root url="jrt://$USER_HOME$/.gradle/jdks/eclipse_adoptium-21-amd64-windows/jdk-21.0.4+7!/jdk.sctp" type="simple" />
            <root url="jrt://$USER_HOME$/.gradle/jdks/eclipse_adoptium-21-amd64-windows/jdk-21.0.4+7!/jdk.security.auth" type="simple" />
            <root url="jrt://$USER_HOME$/.gradle/jdks/eclipse_adoptium-21-amd64-windows/jdk-21.0.4+7!/jdk.security.jgss" type="simple" />
            <root url="jrt://$USER_HOME$/.gradle/jdks/eclipse_adoptium-21-amd64-windows/jdk-21.0.4+7!/jdk.unsupported" type="simple" />
            <root url="jrt://$USER_HOME$/.gradle/jdks/eclipse_adoptium-21-amd64-windows/jdk-21.0.4+7!/jdk.unsupported.desktop" type="simple" />
            <root url="jrt://$USER_HOME$/.gradle/jdks/eclipse_adoptium-21-amd64-windows/jdk-21.0.4+7!/jdk.xml.dom" type="simple" />
            <root url="jrt://$USER_HOME$/.gradle/jdks/eclipse_adoptium-21-amd64-windows/jdk-21.0.4+7!/jdk.zipfs" type="simple" />
          </root>
        </classPath>
        <javadocPath>
          <root type="composite" />
        </javadocPath>
        <sourcePath>
          <root type="composite">
            <root url="jar://$USER_HOME$/.gradle/jdks/eclipse_adoptium-21-amd64-windows/jdk-21.0.4+7/lib/src.zip!/java.se" type="simple" />
            <root url="jar://$USER_HOME$/.gradle/jdks/eclipse_adoptium-21-amd64-windows/jdk-21.0.4+7/lib/src.zip!/jdk.jdi" type="simple" />
            <root url="jar://$USER_HOME$/.gradle/jdks/eclipse_adoptium-21-amd64-windows/jdk-21.0.4+7/lib/src.zip!/jdk.jfr" type="simple" />
            <root url="jar://$USER_HOME$/.gradle/jdks/eclipse_adoptium-21-amd64-windows/jdk-21.0.4+7/lib/src.zip!/jdk.net" type="simple" />
            <root url="jar://$USER_HOME$/.gradle/jdks/eclipse_adoptium-21-amd64-windows/jdk-21.0.4+7/lib/src.zip!/java.rmi" type="simple" />
            <root url="jar://$USER_HOME$/.gradle/jdks/eclipse_adoptium-21-amd64-windows/jdk-21.0.4+7/lib/src.zip!/java.sql" type="simple" />
            <root url="jar://$USER_HOME$/.gradle/jdks/eclipse_adoptium-21-amd64-windows/jdk-21.0.4+7/lib/src.zip!/java.xml" type="simple" />
            <root url="jar://$USER_HOME$/.gradle/jdks/eclipse_adoptium-21-amd64-windows/jdk-21.0.4+7/lib/src.zip!/jdk.jcmd" type="simple" />
            <root url="jar://$USER_HOME$/.gradle/jdks/eclipse_adoptium-21-amd64-windows/jdk-21.0.4+7/lib/src.zip!/jdk.sctp" type="simple" />
            <root url="jar://$USER_HOME$/.gradle/jdks/eclipse_adoptium-21-amd64-windows/jdk-21.0.4+7/lib/src.zip!/java.base" type="simple" />
            <root url="jar://$USER_HOME$/.gradle/jdks/eclipse_adoptium-21-amd64-windows/jdk-21.0.4+7/lib/src.zip!/jdk.jdeps" type="simple" />
            <root url="jar://$USER_HOME$/.gradle/jdks/eclipse_adoptium-21-amd64-windows/jdk-21.0.4+7/lib/src.zip!/jdk.jlink" type="simple" />
            <root url="jar://$USER_HOME$/.gradle/jdks/eclipse_adoptium-21-amd64-windows/jdk-21.0.4+7/lib/src.zip!/jdk.zipfs" type="simple" />
            <root url="jar://$USER_HOME$/.gradle/jdks/eclipse_adoptium-21-amd64-windows/jdk-21.0.4+7/lib/src.zip!/java.prefs" type="simple" />
            <root url="jar://$USER_HOME$/.gradle/jdks/eclipse_adoptium-21-amd64-windows/jdk-21.0.4+7/lib/src.zip!/jdk.attach" type="simple" />
            <root url="jar://$USER_HOME$/.gradle/jdks/eclipse_adoptium-21-amd64-windows/jdk-21.0.4+7/lib/src.zip!/jdk.jshell" type="simple" />
            <root url="jar://$USER_HOME$/.gradle/jdks/eclipse_adoptium-21-amd64-windows/jdk-21.0.4+7/lib/src.zip!/jdk.jstatd" type="simple" />
            <root url="jar://$USER_HOME$/.gradle/jdks/eclipse_adoptium-21-amd64-windows/jdk-21.0.4+7/lib/src.zip!/jdk.random" type="simple" />
            <root url="jar://$USER_HOME$/.gradle/jdks/eclipse_adoptium-21-amd64-windows/jdk-21.0.4+7/lib/src.zip!/java.naming" type="simple" />
            <root url="jar://$USER_HOME$/.gradle/jdks/eclipse_adoptium-21-amd64-windows/jdk-21.0.4+7/lib/src.zip!/jdk.editpad" type="simple" />
            <root url="jar://$USER_HOME$/.gradle/jdks/eclipse_adoptium-21-amd64-windows/jdk-21.0.4+7/lib/src.zip!/jdk.jartool" type="simple" />
            <root url="jar://$USER_HOME$/.gradle/jdks/eclipse_adoptium-21-amd64-windows/jdk-21.0.4+7/lib/src.zip!/jdk.javadoc" type="simple" />
            <root url="jar://$USER_HOME$/.gradle/jdks/eclipse_adoptium-21-amd64-windows/jdk-21.0.4+7/lib/src.zip!/jdk.xml.dom" type="simple" />
            <root url="jar://$USER_HOME$/.gradle/jdks/eclipse_adoptium-21-amd64-windows/jdk-21.0.4+7/lib/src.zip!/java.desktop" type="simple" />
            <root url="jar://$USER_HOME$/.gradle/jdks/eclipse_adoptium-21-amd64-windows/jdk-21.0.4+7/lib/src.zip!/java.logging" type="simple" />
            <root url="jar://$USER_HOME$/.gradle/jdks/eclipse_adoptium-21-amd64-windows/jdk-21.0.4+7/lib/src.zip!/jdk.charsets" type="simple" />
            <root url="jar://$USER_HOME$/.gradle/jdks/eclipse_adoptium-21-amd64-windows/jdk-21.0.4+7/lib/src.zip!/jdk.compiler" type="simple" />
            <root url="jar://$USER_HOME$/.gradle/jdks/eclipse_adoptium-21-amd64-windows/jdk-21.0.4+7/lib/src.zip!/jdk.dynalink" type="simple" />
            <root url="jar://$USER_HOME$/.gradle/jdks/eclipse_adoptium-21-amd64-windows/jdk-21.0.4+7/lib/src.zip!/jdk.jconsole" type="simple" />
            <root url="jar://$USER_HOME$/.gradle/jdks/eclipse_adoptium-21-amd64-windows/jdk-21.0.4+7/lib/src.zip!/jdk.jpackage" type="simple" />
            <root url="jar://$USER_HOME$/.gradle/jdks/eclipse_adoptium-21-amd64-windows/jdk-21.0.4+7/lib/src.zip!/jdk.jsobject" type="simple" />
            <root url="jar://$USER_HOME$/.gradle/jdks/eclipse_adoptium-21-amd64-windows/jdk-21.0.4+7/lib/src.zip!/java.compiler" type="simple" />
            <root url="jar://$USER_HOME$/.gradle/jdks/eclipse_adoptium-21-amd64-windows/jdk-21.0.4+7/lib/src.zip!/java.net.http" type="simple" />
            <root url="jar://$USER_HOME$/.gradle/jdks/eclipse_adoptium-21-amd64-windows/jdk-21.0.4+7/lib/src.zip!/jdk.crypto.ec" type="simple" />
            <root url="jar://$USER_HOME$/.gradle/jdks/eclipse_adoptium-21-amd64-windows/jdk-21.0.4+7/lib/src.zip!/java.scripting" type="simple" />
            <root url="jar://$USER_HOME$/.gradle/jdks/eclipse_adoptium-21-amd64-windows/jdk-21.0.4+7/lib/src.zip!/jdk.httpserver" type="simple" />
            <root url="jar://$USER_HOME$/.gradle/jdks/eclipse_adoptium-21-amd64-windows/jdk-21.0.4+7/lib/src.zip!/jdk.jdwp.agent" type="simple" />
            <root url="jar://$USER_HOME$/.gradle/jdks/eclipse_adoptium-21-amd64-windows/jdk-21.0.4+7/lib/src.zip!/jdk.localedata" type="simple" />
            <root url="jar://$USER_HOME$/.gradle/jdks/eclipse_adoptium-21-amd64-windows/jdk-21.0.4+7/lib/src.zip!/jdk.management" type="simple" />
            <root url="jar://$USER_HOME$/.gradle/jdks/eclipse_adoptium-21-amd64-windows/jdk-21.0.4+7/lib/src.zip!/jdk.naming.dns" type="simple" />
            <root url="jar://$USER_HOME$/.gradle/jdks/eclipse_adoptium-21-amd64-windows/jdk-21.0.4+7/lib/src.zip!/jdk.naming.rmi" type="simple" />
            <root url="jar://$USER_HOME$/.gradle/jdks/eclipse_adoptium-21-amd64-windows/jdk-21.0.4+7/lib/src.zip!/java.instrument" type="simple" />
            <root url="jar://$USER_HOME$/.gradle/jdks/eclipse_adoptium-21-amd64-windows/jdk-21.0.4+7/lib/src.zip!/java.management" type="simple" />
            <root url="jar://$USER_HOME$/.gradle/jdks/eclipse_adoptium-21-amd64-windows/jdk-21.0.4+7/lib/src.zip!/java.sql.rowset" type="simple" />
            <root url="jar://$USER_HOME$/.gradle/jdks/eclipse_adoptium-21-amd64-windows/jdk-21.0.4+7/lib/src.zip!/java.xml.crypto" type="simple" />
            <root url="jar://$USER_HOME$/.gradle/jdks/eclipse_adoptium-21-amd64-windows/jdk-21.0.4+7/lib/src.zip!/jdk.internal.ed" type="simple" />
            <root url="jar://$USER_HOME$/.gradle/jdks/eclipse_adoptium-21-amd64-windows/jdk-21.0.4+7/lib/src.zip!/jdk.internal.le" type="simple" />
            <root url="jar://$USER_HOME$/.gradle/jdks/eclipse_adoptium-21-amd64-windows/jdk-21.0.4+7/lib/src.zip!/jdk.nio.mapmode" type="simple" />
            <root url="jar://$USER_HOME$/.gradle/jdks/eclipse_adoptium-21-amd64-windows/jdk-21.0.4+7/lib/src.zip!/jdk.unsupported" type="simple" />
            <root url="jar://$USER_HOME$/.gradle/jdks/eclipse_adoptium-21-amd64-windows/jdk-21.0.4+7/lib/src.zip!/java.smartcardio" type="simple" />
            <root url="jar://$USER_HOME$/.gradle/jdks/eclipse_adoptium-21-amd64-windows/jdk-21.0.4+7/lib/src.zip!/jdk.internal.opt" type="simple" />
            <root url="jar://$USER_HOME$/.gradle/jdks/eclipse_adoptium-21-amd64-windows/jdk-21.0.4+7/lib/src.zip!/java.datatransfer" type="simple" />
            <root url="jar://$USER_HOME$/.gradle/jdks/eclipse_adoptium-21-amd64-windows/jdk-21.0.4+7/lib/src.zip!/jdk.accessibility" type="simple" />
            <root url="jar://$USER_HOME$/.gradle/jdks/eclipse_adoptium-21-amd64-windows/jdk-21.0.4+7/lib/src.zip!/jdk.crypto.mscapi" type="simple" />
            <root url="jar://$USER_HOME$/.gradle/jdks/eclipse_adoptium-21-amd64-windows/jdk-21.0.4+7/lib/src.zip!/jdk.hotspot.agent" type="simple" />
            <root url="jar://$USER_HOME$/.gradle/jdks/eclipse_adoptium-21-amd64-windows/jdk-21.0.4+7/lib/src.zip!/jdk.security.auth" type="simple" />
            <root url="jar://$USER_HOME$/.gradle/jdks/eclipse_adoptium-21-amd64-windows/jdk-21.0.4+7/lib/src.zip!/jdk.security.jgss" type="simple" />
            <root url="jar://$USER_HOME$/.gradle/jdks/eclipse_adoptium-21-amd64-windows/jdk-21.0.4+7/lib/src.zip!/java.security.jgss" type="simple" />
            <root url="jar://$USER_HOME$/.gradle/jdks/eclipse_adoptium-21-amd64-windows/jdk-21.0.4+7/lib/src.zip!/java.security.sasl" type="simple" />
            <root url="jar://$USER_HOME$/.gradle/jdks/eclipse_adoptium-21-amd64-windows/jdk-21.0.4+7/lib/src.zip!/jdk.internal.vm.ci" type="simple" />
            <root url="jar://$USER_HOME$/.gradle/jdks/eclipse_adoptium-21-amd64-windows/jdk-21.0.4+7/lib/src.zip!/jdk.management.jfr" type="simple" />
            <root url="jar://$USER_HOME$/.gradle/jdks/eclipse_adoptium-21-amd64-windows/jdk-21.0.4+7/lib/src.zip!/java.management.rmi" type="simple" />
            <root url="jar://$USER_HOME$/.gradle/jdks/eclipse_adoptium-21-amd64-windows/jdk-21.0.4+7/lib/src.zip!/java.transaction.xa" type="simple" />
            <root url="jar://$USER_HOME$/.gradle/jdks/eclipse_adoptium-21-amd64-windows/jdk-21.0.4+7/lib/src.zip!/jdk.crypto.cryptoki" type="simple" />
            <root url="jar://$USER_HOME$/.gradle/jdks/eclipse_adoptium-21-amd64-windows/jdk-21.0.4+7/lib/src.zip!/jdk.incubator.vector" type="simple" />
            <root url="jar://$USER_HOME$/.gradle/jdks/eclipse_adoptium-21-amd64-windows/jdk-21.0.4+7/lib/src.zip!/jdk.internal.jvmstat" type="simple" />
            <root url="jar://$USER_HOME$/.gradle/jdks/eclipse_adoptium-21-amd64-windows/jdk-21.0.4+7/lib/src.zip!/jdk.management.agent" type="simple" />
            <root url="jar://$USER_HOME$/.gradle/jdks/eclipse_adoptium-21-amd64-windows/jdk-21.0.4+7/lib/src.zip!/jdk.unsupported.desktop" type="simple" />
            <root url="jar://$USER_HOME$/.gradle/jdks/eclipse_adoptium-21-amd64-windows/jdk-21.0.4+7/lib/src.zip!/jdk.internal.vm.compiler" type="simple" />
            <root url="jar://$USER_HOME$/.gradle/jdks/eclipse_adoptium-21-amd64-windows/jdk-21.0.4+7/lib/src.zip!/jdk.internal.vm.compiler.management" type="simple" />
          </root>
        </sourcePath>
      </roots>
    </jdk>
    <jdk version="2">
      <name value="temurin-1.8" />
      <type value="JavaSDK" />
      <version value="Eclipse Temurin 1.8.0_442" />
      <homePath value="$USER_HOME$/.gradle/jdks/temurin-8-amd64-windows.2" />
      <roots>
        <annotationsPath>
          <root type="composite">
            <root url="jar://$APPLICATION_HOME_DIR$/plugins/java/lib/resources/jdkAnnotations.jar!/" type="simple" />
          </root>
        </annotationsPath>
        <classPath>
          <root type="composite">
            <root url="jar://$USER_HOME$/.gradle/jdks/temurin-8-amd64-windows.2/jre/lib/charsets.jar!/" type="simple" />
            <root url="jar://$USER_HOME$/.gradle/jdks/temurin-8-amd64-windows.2/jre/lib/ext/access-bridge-64.jar!/" type="simple" />
            <root url="jar://$USER_HOME$/.gradle/jdks/temurin-8-amd64-windows.2/jre/lib/ext/cldrdata.jar!/" type="simple" />
            <root url="jar://$USER_HOME$/.gradle/jdks/temurin-8-amd64-windows.2/jre/lib/ext/dnsns.jar!/" type="simple" />
            <root url="jar://$USER_HOME$/.gradle/jdks/temurin-8-amd64-windows.2/jre/lib/ext/jaccess.jar!/" type="simple" />
            <root url="jar://$USER_HOME$/.gradle/jdks/temurin-8-amd64-windows.2/jre/lib/ext/localedata.jar!/" type="simple" />
            <root url="jar://$USER_HOME$/.gradle/jdks/temurin-8-amd64-windows.2/jre/lib/ext/nashorn.jar!/" type="simple" />
            <root url="jar://$USER_HOME$/.gradle/jdks/temurin-8-amd64-windows.2/jre/lib/ext/sunec.jar!/" type="simple" />
            <root url="jar://$USER_HOME$/.gradle/jdks/temurin-8-amd64-windows.2/jre/lib/ext/sunjce_provider.jar!/" type="simple" />
            <root url="jar://$USER_HOME$/.gradle/jdks/temurin-8-amd64-windows.2/jre/lib/ext/sunmscapi.jar!/" type="simple" />
            <root url="jar://$USER_HOME$/.gradle/jdks/temurin-8-amd64-windows.2/jre/lib/ext/sunpkcs11.jar!/" type="simple" />
            <root url="jar://$USER_HOME$/.gradle/jdks/temurin-8-amd64-windows.2/jre/lib/ext/zipfs.jar!/" type="simple" />
            <root url="jar://$USER_HOME$/.gradle/jdks/temurin-8-amd64-windows.2/jre/lib/jce.jar!/" type="simple" />
            <root url="jar://$USER_HOME$/.gradle/jdks/temurin-8-amd64-windows.2/jre/lib/jfr.jar!/" type="simple" />
            <root url="jar://$USER_HOME$/.gradle/jdks/temurin-8-amd64-windows.2/jre/lib/jsse.jar!/" type="simple" />
            <root url="jar://$USER_HOME$/.gradle/jdks/temurin-8-amd64-windows.2/jre/lib/management-agent.jar!/" type="simple" />
            <root url="jar://$USER_HOME$/.gradle/jdks/temurin-8-amd64-windows.2/jre/lib/resources.jar!/" type="simple" />
            <root url="jar://$USER_HOME$/.gradle/jdks/temurin-8-amd64-windows.2/jre/lib/rt.jar!/" type="simple" />
          </root>
        </classPath>
        <javadocPath>
          <root type="composite" />
        </javadocPath>
        <sourcePath>
          <root type="composite">
            <root url="jar://$USER_HOME$/.gradle/jdks/temurin-8-amd64-windows.2/src.zip!/" type="simple" />
          </root>
        </sourcePath>
      </roots>
    </jdk>
    <jdk version="2">
      <name value="temurin-21 (2)" />
      <type value="JavaSDK" />
      <version value="Eclipse Temurin 21.0.6" />
      <homePath value="$USER_HOME$/.gradle/jdks/eclipse_adoptium-21-amd64-windows.2" />
      <roots>
        <annotationsPath>
          <root type="composite">
            <root url="jar://$APPLICATION_HOME_DIR$/plugins/java/lib/resources/jdkAnnotations.jar!/" type="simple" />
          </root>
        </annotationsPath>
        <classPath>
          <root type="composite">
            <root url="jrt://$USER_HOME$/.gradle/jdks/eclipse_adoptium-21-amd64-windows.2!/java.base" type="simple" />
            <root url="jrt://$USER_HOME$/.gradle/jdks/eclipse_adoptium-21-amd64-windows.2!/java.compiler" type="simple" />
            <root url="jrt://$USER_HOME$/.gradle/jdks/eclipse_adoptium-21-amd64-windows.2!/java.datatransfer" type="simple" />
            <root url="jrt://$USER_HOME$/.gradle/jdks/eclipse_adoptium-21-amd64-windows.2!/java.desktop" type="simple" />
            <root url="jrt://$USER_HOME$/.gradle/jdks/eclipse_adoptium-21-amd64-windows.2!/java.instrument" type="simple" />
            <root url="jrt://$USER_HOME$/.gradle/jdks/eclipse_adoptium-21-amd64-windows.2!/java.logging" type="simple" />
            <root url="jrt://$USER_HOME$/.gradle/jdks/eclipse_adoptium-21-amd64-windows.2!/java.management" type="simple" />
            <root url="jrt://$USER_HOME$/.gradle/jdks/eclipse_adoptium-21-amd64-windows.2!/java.management.rmi" type="simple" />
            <root url="jrt://$USER_HOME$/.gradle/jdks/eclipse_adoptium-21-amd64-windows.2!/java.naming" type="simple" />
            <root url="jrt://$USER_HOME$/.gradle/jdks/eclipse_adoptium-21-amd64-windows.2!/java.net.http" type="simple" />
            <root url="jrt://$USER_HOME$/.gradle/jdks/eclipse_adoptium-21-amd64-windows.2!/java.prefs" type="simple" />
            <root url="jrt://$USER_HOME$/.gradle/jdks/eclipse_adoptium-21-amd64-windows.2!/java.rmi" type="simple" />
            <root url="jrt://$USER_HOME$/.gradle/jdks/eclipse_adoptium-21-amd64-windows.2!/java.scripting" type="simple" />
            <root url="jrt://$USER_HOME$/.gradle/jdks/eclipse_adoptium-21-amd64-windows.2!/java.se" type="simple" />
            <root url="jrt://$USER_HOME$/.gradle/jdks/eclipse_adoptium-21-amd64-windows.2!/java.security.jgss" type="simple" />
            <root url="jrt://$USER_HOME$/.gradle/jdks/eclipse_adoptium-21-amd64-windows.2!/java.security.sasl" type="simple" />
            <root url="jrt://$USER_HOME$/.gradle/jdks/eclipse_adoptium-21-amd64-windows.2!/java.smartcardio" type="simple" />
            <root url="jrt://$USER_HOME$/.gradle/jdks/eclipse_adoptium-21-amd64-windows.2!/java.sql" type="simple" />
            <root url="jrt://$USER_HOME$/.gradle/jdks/eclipse_adoptium-21-amd64-windows.2!/java.sql.rowset" type="simple" />
            <root url="jrt://$USER_HOME$/.gradle/jdks/eclipse_adoptium-21-amd64-windows.2!/java.transaction.xa" type="simple" />
            <root url="jrt://$USER_HOME$/.gradle/jdks/eclipse_adoptium-21-amd64-windows.2!/java.xml" type="simple" />
            <root url="jrt://$USER_HOME$/.gradle/jdks/eclipse_adoptium-21-amd64-windows.2!/java.xml.crypto" type="simple" />
            <root url="jrt://$USER_HOME$/.gradle/jdks/eclipse_adoptium-21-amd64-windows.2!/jdk.accessibility" type="simple" />
            <root url="jrt://$USER_HOME$/.gradle/jdks/eclipse_adoptium-21-amd64-windows.2!/jdk.attach" type="simple" />
            <root url="jrt://$USER_HOME$/.gradle/jdks/eclipse_adoptium-21-amd64-windows.2!/jdk.charsets" type="simple" />
            <root url="jrt://$USER_HOME$/.gradle/jdks/eclipse_adoptium-21-amd64-windows.2!/jdk.compiler" type="simple" />
            <root url="jrt://$USER_HOME$/.gradle/jdks/eclipse_adoptium-21-amd64-windows.2!/jdk.crypto.cryptoki" type="simple" />
            <root url="jrt://$USER_HOME$/.gradle/jdks/eclipse_adoptium-21-amd64-windows.2!/jdk.crypto.ec" type="simple" />
            <root url="jrt://$USER_HOME$/.gradle/jdks/eclipse_adoptium-21-amd64-windows.2!/jdk.crypto.mscapi" type="simple" />
            <root url="jrt://$USER_HOME$/.gradle/jdks/eclipse_adoptium-21-amd64-windows.2!/jdk.dynalink" type="simple" />
            <root url="jrt://$USER_HOME$/.gradle/jdks/eclipse_adoptium-21-amd64-windows.2!/jdk.editpad" type="simple" />
            <root url="jrt://$USER_HOME$/.gradle/jdks/eclipse_adoptium-21-amd64-windows.2!/jdk.hotspot.agent" type="simple" />
            <root url="jrt://$USER_HOME$/.gradle/jdks/eclipse_adoptium-21-amd64-windows.2!/jdk.httpserver" type="simple" />
            <root url="jrt://$USER_HOME$/.gradle/jdks/eclipse_adoptium-21-amd64-windows.2!/jdk.incubator.vector" type="simple" />
            <root url="jrt://$USER_HOME$/.gradle/jdks/eclipse_adoptium-21-amd64-windows.2!/jdk.internal.ed" type="simple" />
            <root url="jrt://$USER_HOME$/.gradle/jdks/eclipse_adoptium-21-amd64-windows.2!/jdk.internal.jvmstat" type="simple" />
            <root url="jrt://$USER_HOME$/.gradle/jdks/eclipse_adoptium-21-amd64-windows.2!/jdk.internal.le" type="simple" />
            <root url="jrt://$USER_HOME$/.gradle/jdks/eclipse_adoptium-21-amd64-windows.2!/jdk.internal.opt" type="simple" />
            <root url="jrt://$USER_HOME$/.gradle/jdks/eclipse_adoptium-21-amd64-windows.2!/jdk.internal.vm.ci" type="simple" />
            <root url="jrt://$USER_HOME$/.gradle/jdks/eclipse_adoptium-21-amd64-windows.2!/jdk.internal.vm.compiler" type="simple" />
            <root url="jrt://$USER_HOME$/.gradle/jdks/eclipse_adoptium-21-amd64-windows.2!/jdk.internal.vm.compiler.management" type="simple" />
            <root url="jrt://$USER_HOME$/.gradle/jdks/eclipse_adoptium-21-amd64-windows.2!/jdk.jartool" type="simple" />
            <root url="jrt://$USER_HOME$/.gradle/jdks/eclipse_adoptium-21-amd64-windows.2!/jdk.javadoc" type="simple" />
            <root url="jrt://$USER_HOME$/.gradle/jdks/eclipse_adoptium-21-amd64-windows.2!/jdk.jcmd" type="simple" />
            <root url="jrt://$USER_HOME$/.gradle/jdks/eclipse_adoptium-21-amd64-windows.2!/jdk.jconsole" type="simple" />
            <root url="jrt://$USER_HOME$/.gradle/jdks/eclipse_adoptium-21-amd64-windows.2!/jdk.jdeps" type="simple" />
            <root url="jrt://$USER_HOME$/.gradle/jdks/eclipse_adoptium-21-amd64-windows.2!/jdk.jdi" type="simple" />
            <root url="jrt://$USER_HOME$/.gradle/jdks/eclipse_adoptium-21-amd64-windows.2!/jdk.jdwp.agent" type="simple" />
            <root url="jrt://$USER_HOME$/.gradle/jdks/eclipse_adoptium-21-amd64-windows.2!/jdk.jfr" type="simple" />
            <root url="jrt://$USER_HOME$/.gradle/jdks/eclipse_adoptium-21-amd64-windows.2!/jdk.jlink" type="simple" />
            <root url="jrt://$USER_HOME$/.gradle/jdks/eclipse_adoptium-21-amd64-windows.2!/jdk.jpackage" type="simple" />
            <root url="jrt://$USER_HOME$/.gradle/jdks/eclipse_adoptium-21-amd64-windows.2!/jdk.jshell" type="simple" />
            <root url="jrt://$USER_HOME$/.gradle/jdks/eclipse_adoptium-21-amd64-windows.2!/jdk.jsobject" type="simple" />
            <root url="jrt://$USER_HOME$/.gradle/jdks/eclipse_adoptium-21-amd64-windows.2!/jdk.jstatd" type="simple" />
            <root url="jrt://$USER_HOME$/.gradle/jdks/eclipse_adoptium-21-amd64-windows.2!/jdk.localedata" type="simple" />
            <root url="jrt://$USER_HOME$/.gradle/jdks/eclipse_adoptium-21-amd64-windows.2!/jdk.management" type="simple" />
            <root url="jrt://$USER_HOME$/.gradle/jdks/eclipse_adoptium-21-amd64-windows.2!/jdk.management.agent" type="simple" />
            <root url="jrt://$USER_HOME$/.gradle/jdks/eclipse_adoptium-21-amd64-windows.2!/jdk.management.jfr" type="simple" />
            <root url="jrt://$USER_HOME$/.gradle/jdks/eclipse_adoptium-21-amd64-windows.2!/jdk.naming.dns" type="simple" />
            <root url="jrt://$USER_HOME$/.gradle/jdks/eclipse_adoptium-21-amd64-windows.2!/jdk.naming.rmi" type="simple" />
            <root url="jrt://$USER_HOME$/.gradle/jdks/eclipse_adoptium-21-amd64-windows.2!/jdk.net" type="simple" />
            <root url="jrt://$USER_HOME$/.gradle/jdks/eclipse_adoptium-21-amd64-windows.2!/jdk.nio.mapmode" type="simple" />
            <root url="jrt://$USER_HOME$/.gradle/jdks/eclipse_adoptium-21-amd64-windows.2!/jdk.random" type="simple" />
            <root url="jrt://$USER_HOME$/.gradle/jdks/eclipse_adoptium-21-amd64-windows.2!/jdk.sctp" type="simple" />
            <root url="jrt://$USER_HOME$/.gradle/jdks/eclipse_adoptium-21-amd64-windows.2!/jdk.security.auth" type="simple" />
            <root url="jrt://$USER_HOME$/.gradle/jdks/eclipse_adoptium-21-amd64-windows.2!/jdk.security.jgss" type="simple" />
            <root url="jrt://$USER_HOME$/.gradle/jdks/eclipse_adoptium-21-amd64-windows.2!/jdk.unsupported" type="simple" />
            <root url="jrt://$USER_HOME$/.gradle/jdks/eclipse_adoptium-21-amd64-windows.2!/jdk.unsupported.desktop" type="simple" />
            <root url="jrt://$USER_HOME$/.gradle/jdks/eclipse_adoptium-21-amd64-windows.2!/jdk.xml.dom" type="simple" />
            <root url="jrt://$USER_HOME$/.gradle/jdks/eclipse_adoptium-21-amd64-windows.2!/jdk.zipfs" type="simple" />
          </root>
        </classPath>
        <javadocPath>
          <root type="composite" />
        </javadocPath>
        <sourcePath>
          <root type="composite">
            <root url="jar://$USER_HOME$/.gradle/jdks/eclipse_adoptium-21-amd64-windows.2/lib/src.zip!/java.se" type="simple" />
            <root url="jar://$USER_HOME$/.gradle/jdks/eclipse_adoptium-21-amd64-windows.2/lib/src.zip!/jdk.jdi" type="simple" />
            <root url="jar://$USER_HOME$/.gradle/jdks/eclipse_adoptium-21-amd64-windows.2/lib/src.zip!/jdk.jfr" type="simple" />
            <root url="jar://$USER_HOME$/.gradle/jdks/eclipse_adoptium-21-amd64-windows.2/lib/src.zip!/jdk.net" type="simple" />
            <root url="jar://$USER_HOME$/.gradle/jdks/eclipse_adoptium-21-amd64-windows.2/lib/src.zip!/java.rmi" type="simple" />
            <root url="jar://$USER_HOME$/.gradle/jdks/eclipse_adoptium-21-amd64-windows.2/lib/src.zip!/java.sql" type="simple" />
            <root url="jar://$USER_HOME$/.gradle/jdks/eclipse_adoptium-21-amd64-windows.2/lib/src.zip!/java.xml" type="simple" />
            <root url="jar://$USER_HOME$/.gradle/jdks/eclipse_adoptium-21-amd64-windows.2/lib/src.zip!/jdk.jcmd" type="simple" />
            <root url="jar://$USER_HOME$/.gradle/jdks/eclipse_adoptium-21-amd64-windows.2/lib/src.zip!/jdk.sctp" type="simple" />
            <root url="jar://$USER_HOME$/.gradle/jdks/eclipse_adoptium-21-amd64-windows.2/lib/src.zip!/java.base" type="simple" />
            <root url="jar://$USER_HOME$/.gradle/jdks/eclipse_adoptium-21-amd64-windows.2/lib/src.zip!/jdk.jdeps" type="simple" />
            <root url="jar://$USER_HOME$/.gradle/jdks/eclipse_adoptium-21-amd64-windows.2/lib/src.zip!/jdk.jlink" type="simple" />
            <root url="jar://$USER_HOME$/.gradle/jdks/eclipse_adoptium-21-amd64-windows.2/lib/src.zip!/jdk.zipfs" type="simple" />
            <root url="jar://$USER_HOME$/.gradle/jdks/eclipse_adoptium-21-amd64-windows.2/lib/src.zip!/java.prefs" type="simple" />
            <root url="jar://$USER_HOME$/.gradle/jdks/eclipse_adoptium-21-amd64-windows.2/lib/src.zip!/jdk.attach" type="simple" />
            <root url="jar://$USER_HOME$/.gradle/jdks/eclipse_adoptium-21-amd64-windows.2/lib/src.zip!/jdk.jshell" type="simple" />
            <root url="jar://$USER_HOME$/.gradle/jdks/eclipse_adoptium-21-amd64-windows.2/lib/src.zip!/jdk.jstatd" type="simple" />
            <root url="jar://$USER_HOME$/.gradle/jdks/eclipse_adoptium-21-amd64-windows.2/lib/src.zip!/jdk.random" type="simple" />
            <root url="jar://$USER_HOME$/.gradle/jdks/eclipse_adoptium-21-amd64-windows.2/lib/src.zip!/java.naming" type="simple" />
            <root url="jar://$USER_HOME$/.gradle/jdks/eclipse_adoptium-21-amd64-windows.2/lib/src.zip!/jdk.editpad" type="simple" />
            <root url="jar://$USER_HOME$/.gradle/jdks/eclipse_adoptium-21-amd64-windows.2/lib/src.zip!/jdk.jartool" type="simple" />
            <root url="jar://$USER_HOME$/.gradle/jdks/eclipse_adoptium-21-amd64-windows.2/lib/src.zip!/jdk.javadoc" type="simple" />
            <root url="jar://$USER_HOME$/.gradle/jdks/eclipse_adoptium-21-amd64-windows.2/lib/src.zip!/jdk.xml.dom" type="simple" />
            <root url="jar://$USER_HOME$/.gradle/jdks/eclipse_adoptium-21-amd64-windows.2/lib/src.zip!/java.desktop" type="simple" />
            <root url="jar://$USER_HOME$/.gradle/jdks/eclipse_adoptium-21-amd64-windows.2/lib/src.zip!/java.logging" type="simple" />
            <root url="jar://$USER_HOME$/.gradle/jdks/eclipse_adoptium-21-amd64-windows.2/lib/src.zip!/jdk.charsets" type="simple" />
            <root url="jar://$USER_HOME$/.gradle/jdks/eclipse_adoptium-21-amd64-windows.2/lib/src.zip!/jdk.compiler" type="simple" />
            <root url="jar://$USER_HOME$/.gradle/jdks/eclipse_adoptium-21-amd64-windows.2/lib/src.zip!/jdk.dynalink" type="simple" />
            <root url="jar://$USER_HOME$/.gradle/jdks/eclipse_adoptium-21-amd64-windows.2/lib/src.zip!/jdk.jconsole" type="simple" />
            <root url="jar://$USER_HOME$/.gradle/jdks/eclipse_adoptium-21-amd64-windows.2/lib/src.zip!/jdk.jpackage" type="simple" />
            <root url="jar://$USER_HOME$/.gradle/jdks/eclipse_adoptium-21-amd64-windows.2/lib/src.zip!/jdk.jsobject" type="simple" />
            <root url="jar://$USER_HOME$/.gradle/jdks/eclipse_adoptium-21-amd64-windows.2/lib/src.zip!/java.compiler" type="simple" />
            <root url="jar://$USER_HOME$/.gradle/jdks/eclipse_adoptium-21-amd64-windows.2/lib/src.zip!/java.net.http" type="simple" />
            <root url="jar://$USER_HOME$/.gradle/jdks/eclipse_adoptium-21-amd64-windows.2/lib/src.zip!/jdk.crypto.ec" type="simple" />
            <root url="jar://$USER_HOME$/.gradle/jdks/eclipse_adoptium-21-amd64-windows.2/lib/src.zip!/java.scripting" type="simple" />
            <root url="jar://$USER_HOME$/.gradle/jdks/eclipse_adoptium-21-amd64-windows.2/lib/src.zip!/jdk.httpserver" type="simple" />
            <root url="jar://$USER_HOME$/.gradle/jdks/eclipse_adoptium-21-amd64-windows.2/lib/src.zip!/jdk.jdwp.agent" type="simple" />
            <root url="jar://$USER_HOME$/.gradle/jdks/eclipse_adoptium-21-amd64-windows.2/lib/src.zip!/jdk.localedata" type="simple" />
            <root url="jar://$USER_HOME$/.gradle/jdks/eclipse_adoptium-21-amd64-windows.2/lib/src.zip!/jdk.management" type="simple" />
            <root url="jar://$USER_HOME$/.gradle/jdks/eclipse_adoptium-21-amd64-windows.2/lib/src.zip!/jdk.naming.dns" type="simple" />
            <root url="jar://$USER_HOME$/.gradle/jdks/eclipse_adoptium-21-amd64-windows.2/lib/src.zip!/jdk.naming.rmi" type="simple" />
            <root url="jar://$USER_HOME$/.gradle/jdks/eclipse_adoptium-21-amd64-windows.2/lib/src.zip!/java.instrument" type="simple" />
            <root url="jar://$USER_HOME$/.gradle/jdks/eclipse_adoptium-21-amd64-windows.2/lib/src.zip!/java.management" type="simple" />
            <root url="jar://$USER_HOME$/.gradle/jdks/eclipse_adoptium-21-amd64-windows.2/lib/src.zip!/java.sql.rowset" type="simple" />
            <root url="jar://$USER_HOME$/.gradle/jdks/eclipse_adoptium-21-amd64-windows.2/lib/src.zip!/java.xml.crypto" type="simple" />
            <root url="jar://$USER_HOME$/.gradle/jdks/eclipse_adoptium-21-amd64-windows.2/lib/src.zip!/jdk.internal.ed" type="simple" />
            <root url="jar://$USER_HOME$/.gradle/jdks/eclipse_adoptium-21-amd64-windows.2/lib/src.zip!/jdk.internal.le" type="simple" />
            <root url="jar://$USER_HOME$/.gradle/jdks/eclipse_adoptium-21-amd64-windows.2/lib/src.zip!/jdk.nio.mapmode" type="simple" />
            <root url="jar://$USER_HOME$/.gradle/jdks/eclipse_adoptium-21-amd64-windows.2/lib/src.zip!/jdk.unsupported" type="simple" />
            <root url="jar://$USER_HOME$/.gradle/jdks/eclipse_adoptium-21-amd64-windows.2/lib/src.zip!/java.smartcardio" type="simple" />
            <root url="jar://$USER_HOME$/.gradle/jdks/eclipse_adoptium-21-amd64-windows.2/lib/src.zip!/jdk.internal.opt" type="simple" />
            <root url="jar://$USER_HOME$/.gradle/jdks/eclipse_adoptium-21-amd64-windows.2/lib/src.zip!/java.datatransfer" type="simple" />
            <root url="jar://$USER_HOME$/.gradle/jdks/eclipse_adoptium-21-amd64-windows.2/lib/src.zip!/jdk.accessibility" type="simple" />
            <root url="jar://$USER_HOME$/.gradle/jdks/eclipse_adoptium-21-amd64-windows.2/lib/src.zip!/jdk.crypto.mscapi" type="simple" />
            <root url="jar://$USER_HOME$/.gradle/jdks/eclipse_adoptium-21-amd64-windows.2/lib/src.zip!/jdk.hotspot.agent" type="simple" />
            <root url="jar://$USER_HOME$/.gradle/jdks/eclipse_adoptium-21-amd64-windows.2/lib/src.zip!/jdk.security.auth" type="simple" />
            <root url="jar://$USER_HOME$/.gradle/jdks/eclipse_adoptium-21-amd64-windows.2/lib/src.zip!/jdk.security.jgss" type="simple" />
            <root url="jar://$USER_HOME$/.gradle/jdks/eclipse_adoptium-21-amd64-windows.2/lib/src.zip!/java.security.jgss" type="simple" />
            <root url="jar://$USER_HOME$/.gradle/jdks/eclipse_adoptium-21-amd64-windows.2/lib/src.zip!/java.security.sasl" type="simple" />
            <root url="jar://$USER_HOME$/.gradle/jdks/eclipse_adoptium-21-amd64-windows.2/lib/src.zip!/jdk.internal.vm.ci" type="simple" />
            <root url="jar://$USER_HOME$/.gradle/jdks/eclipse_adoptium-21-amd64-windows.2/lib/src.zip!/jdk.management.jfr" type="simple" />
            <root url="jar://$USER_HOME$/.gradle/jdks/eclipse_adoptium-21-amd64-windows.2/lib/src.zip!/java.management.rmi" type="simple" />
            <root url="jar://$USER_HOME$/.gradle/jdks/eclipse_adoptium-21-amd64-windows.2/lib/src.zip!/java.transaction.xa" type="simple" />
            <root url="jar://$USER_HOME$/.gradle/jdks/eclipse_adoptium-21-amd64-windows.2/lib/src.zip!/jdk.crypto.cryptoki" type="simple" />
            <root url="jar://$USER_HOME$/.gradle/jdks/eclipse_adoptium-21-amd64-windows.2/lib/src.zip!/jdk.incubator.vector" type="simple" />
            <root url="jar://$USER_HOME$/.gradle/jdks/eclipse_adoptium-21-amd64-windows.2/lib/src.zip!/jdk.internal.jvmstat" type="simple" />
            <root url="jar://$USER_HOME$/.gradle/jdks/eclipse_adoptium-21-amd64-windows.2/lib/src.zip!/jdk.management.agent" type="simple" />
            <root url="jar://$USER_HOME$/.gradle/jdks/eclipse_adoptium-21-amd64-windows.2/lib/src.zip!/jdk.unsupported.desktop" type="simple" />
            <root url="jar://$USER_HOME$/.gradle/jdks/eclipse_adoptium-21-amd64-windows.2/lib/src.zip!/jdk.internal.vm.compiler" type="simple" />
            <root url="jar://$USER_HOME$/.gradle/jdks/eclipse_adoptium-21-amd64-windows.2/lib/src.zip!/jdk.internal.vm.compiler.management" type="simple" />
          </root>
        </sourcePath>
      </roots>
    </jdk>
    <jdk version="2">
      <name value="Liberica 17 LTS Full" />
      <type value="JavaSDK" />
      <version value="Oracle OpenJDK 17.0.1" />
      <homePath value="D:/program/jdk-17.0.1" />
      <roots>
        <annotationsPath>
          <root type="composite">
            <root url="jar://$APPLICATION_HOME_DIR$/plugins/java/lib/resources/jdkAnnotations.jar!/" type="simple" />
          </root>
        </annotationsPath>
        <classPath>
          <root type="composite">
            <root url="jrt://D:/program/jdk-17.0.1!/java.base" type="simple" />
            <root url="jrt://D:/program/jdk-17.0.1!/java.compiler" type="simple" />
            <root url="jrt://D:/program/jdk-17.0.1!/java.datatransfer" type="simple" />
            <root url="jrt://D:/program/jdk-17.0.1!/java.desktop" type="simple" />
            <root url="jrt://D:/program/jdk-17.0.1!/java.instrument" type="simple" />
            <root url="jrt://D:/program/jdk-17.0.1!/java.logging" type="simple" />
            <root url="jrt://D:/program/jdk-17.0.1!/java.management" type="simple" />
            <root url="jrt://D:/program/jdk-17.0.1!/java.management.rmi" type="simple" />
            <root url="jrt://D:/program/jdk-17.0.1!/java.naming" type="simple" />
            <root url="jrt://D:/program/jdk-17.0.1!/java.net.http" type="simple" />
            <root url="jrt://D:/program/jdk-17.0.1!/java.prefs" type="simple" />
            <root url="jrt://D:/program/jdk-17.0.1!/java.rmi" type="simple" />
            <root url="jrt://D:/program/jdk-17.0.1!/java.scripting" type="simple" />
            <root url="jrt://D:/program/jdk-17.0.1!/java.se" type="simple" />
            <root url="jrt://D:/program/jdk-17.0.1!/java.security.jgss" type="simple" />
            <root url="jrt://D:/program/jdk-17.0.1!/java.security.sasl" type="simple" />
            <root url="jrt://D:/program/jdk-17.0.1!/java.smartcardio" type="simple" />
            <root url="jrt://D:/program/jdk-17.0.1!/java.sql" type="simple" />
            <root url="jrt://D:/program/jdk-17.0.1!/java.sql.rowset" type="simple" />
            <root url="jrt://D:/program/jdk-17.0.1!/java.transaction.xa" type="simple" />
            <root url="jrt://D:/program/jdk-17.0.1!/java.xml" type="simple" />
            <root url="jrt://D:/program/jdk-17.0.1!/java.xml.crypto" type="simple" />
            <root url="jrt://D:/program/jdk-17.0.1!/jdk.accessibility" type="simple" />
            <root url="jrt://D:/program/jdk-17.0.1!/jdk.attach" type="simple" />
            <root url="jrt://D:/program/jdk-17.0.1!/jdk.charsets" type="simple" />
            <root url="jrt://D:/program/jdk-17.0.1!/jdk.compiler" type="simple" />
            <root url="jrt://D:/program/jdk-17.0.1!/jdk.crypto.cryptoki" type="simple" />
            <root url="jrt://D:/program/jdk-17.0.1!/jdk.crypto.ec" type="simple" />
            <root url="jrt://D:/program/jdk-17.0.1!/jdk.crypto.mscapi" type="simple" />
            <root url="jrt://D:/program/jdk-17.0.1!/jdk.dynalink" type="simple" />
            <root url="jrt://D:/program/jdk-17.0.1!/jdk.editpad" type="simple" />
            <root url="jrt://D:/program/jdk-17.0.1!/jdk.hotspot.agent" type="simple" />
            <root url="jrt://D:/program/jdk-17.0.1!/jdk.httpserver" type="simple" />
            <root url="jrt://D:/program/jdk-17.0.1!/jdk.incubator.foreign" type="simple" />
            <root url="jrt://D:/program/jdk-17.0.1!/jdk.incubator.vector" type="simple" />
            <root url="jrt://D:/program/jdk-17.0.1!/jdk.internal.ed" type="simple" />
            <root url="jrt://D:/program/jdk-17.0.1!/jdk.internal.jvmstat" type="simple" />
            <root url="jrt://D:/program/jdk-17.0.1!/jdk.internal.le" type="simple" />
            <root url="jrt://D:/program/jdk-17.0.1!/jdk.internal.opt" type="simple" />
            <root url="jrt://D:/program/jdk-17.0.1!/jdk.internal.vm.ci" type="simple" />
            <root url="jrt://D:/program/jdk-17.0.1!/jdk.internal.vm.compiler" type="simple" />
            <root url="jrt://D:/program/jdk-17.0.1!/jdk.internal.vm.compiler.management" type="simple" />
            <root url="jrt://D:/program/jdk-17.0.1!/jdk.jartool" type="simple" />
            <root url="jrt://D:/program/jdk-17.0.1!/jdk.javadoc" type="simple" />
            <root url="jrt://D:/program/jdk-17.0.1!/jdk.jcmd" type="simple" />
            <root url="jrt://D:/program/jdk-17.0.1!/jdk.jconsole" type="simple" />
            <root url="jrt://D:/program/jdk-17.0.1!/jdk.jdeps" type="simple" />
            <root url="jrt://D:/program/jdk-17.0.1!/jdk.jdi" type="simple" />
            <root url="jrt://D:/program/jdk-17.0.1!/jdk.jdwp.agent" type="simple" />
            <root url="jrt://D:/program/jdk-17.0.1!/jdk.jfr" type="simple" />
            <root url="jrt://D:/program/jdk-17.0.1!/jdk.jlink" type="simple" />
            <root url="jrt://D:/program/jdk-17.0.1!/jdk.jpackage" type="simple" />
            <root url="jrt://D:/program/jdk-17.0.1!/jdk.jshell" type="simple" />
            <root url="jrt://D:/program/jdk-17.0.1!/jdk.jsobject" type="simple" />
            <root url="jrt://D:/program/jdk-17.0.1!/jdk.jstatd" type="simple" />
            <root url="jrt://D:/program/jdk-17.0.1!/jdk.localedata" type="simple" />
            <root url="jrt://D:/program/jdk-17.0.1!/jdk.management" type="simple" />
            <root url="jrt://D:/program/jdk-17.0.1!/jdk.management.agent" type="simple" />
            <root url="jrt://D:/program/jdk-17.0.1!/jdk.management.jfr" type="simple" />
            <root url="jrt://D:/program/jdk-17.0.1!/jdk.naming.dns" type="simple" />
            <root url="jrt://D:/program/jdk-17.0.1!/jdk.naming.rmi" type="simple" />
            <root url="jrt://D:/program/jdk-17.0.1!/jdk.net" type="simple" />
            <root url="jrt://D:/program/jdk-17.0.1!/jdk.nio.mapmode" type="simple" />
            <root url="jrt://D:/program/jdk-17.0.1!/jdk.random" type="simple" />
            <root url="jrt://D:/program/jdk-17.0.1!/jdk.sctp" type="simple" />
            <root url="jrt://D:/program/jdk-17.0.1!/jdk.security.auth" type="simple" />
            <root url="jrt://D:/program/jdk-17.0.1!/jdk.security.jgss" type="simple" />
            <root url="jrt://D:/program/jdk-17.0.1!/jdk.unsupported" type="simple" />
            <root url="jrt://D:/program/jdk-17.0.1!/jdk.unsupported.desktop" type="simple" />
            <root url="jrt://D:/program/jdk-17.0.1!/jdk.xml.dom" type="simple" />
            <root url="jrt://D:/program/jdk-17.0.1!/jdk.zipfs" type="simple" />
          </root>
        </classPath>
        <javadocPath>
          <root type="composite" />
        </javadocPath>
        <sourcePath>
          <root type="composite">
            <root url="jar://D:/program/jdk-17.0.1/lib/src.zip!/java.se" type="simple" />
            <root url="jar://D:/program/jdk-17.0.1/lib/src.zip!/jdk.jdi" type="simple" />
            <root url="jar://D:/program/jdk-17.0.1/lib/src.zip!/jdk.jfr" type="simple" />
            <root url="jar://D:/program/jdk-17.0.1/lib/src.zip!/jdk.net" type="simple" />
            <root url="jar://D:/program/jdk-17.0.1/lib/src.zip!/java.rmi" type="simple" />
            <root url="jar://D:/program/jdk-17.0.1/lib/src.zip!/java.sql" type="simple" />
            <root url="jar://D:/program/jdk-17.0.1/lib/src.zip!/java.xml" type="simple" />
            <root url="jar://D:/program/jdk-17.0.1/lib/src.zip!/jdk.jcmd" type="simple" />
            <root url="jar://D:/program/jdk-17.0.1/lib/src.zip!/jdk.sctp" type="simple" />
            <root url="jar://D:/program/jdk-17.0.1/lib/src.zip!/java.base" type="simple" />
            <root url="jar://D:/program/jdk-17.0.1/lib/src.zip!/jdk.jdeps" type="simple" />
            <root url="jar://D:/program/jdk-17.0.1/lib/src.zip!/jdk.jlink" type="simple" />
            <root url="jar://D:/program/jdk-17.0.1/lib/src.zip!/jdk.zipfs" type="simple" />
            <root url="jar://D:/program/jdk-17.0.1/lib/src.zip!/java.prefs" type="simple" />
            <root url="jar://D:/program/jdk-17.0.1/lib/src.zip!/jdk.attach" type="simple" />
            <root url="jar://D:/program/jdk-17.0.1/lib/src.zip!/jdk.jshell" type="simple" />
            <root url="jar://D:/program/jdk-17.0.1/lib/src.zip!/jdk.jstatd" type="simple" />
            <root url="jar://D:/program/jdk-17.0.1/lib/src.zip!/jdk.random" type="simple" />
            <root url="jar://D:/program/jdk-17.0.1/lib/src.zip!/java.naming" type="simple" />
            <root url="jar://D:/program/jdk-17.0.1/lib/src.zip!/jdk.editpad" type="simple" />
            <root url="jar://D:/program/jdk-17.0.1/lib/src.zip!/jdk.jartool" type="simple" />
            <root url="jar://D:/program/jdk-17.0.1/lib/src.zip!/jdk.javadoc" type="simple" />
            <root url="jar://D:/program/jdk-17.0.1/lib/src.zip!/jdk.xml.dom" type="simple" />
            <root url="jar://D:/program/jdk-17.0.1/lib/src.zip!/java.desktop" type="simple" />
            <root url="jar://D:/program/jdk-17.0.1/lib/src.zip!/java.logging" type="simple" />
            <root url="jar://D:/program/jdk-17.0.1/lib/src.zip!/jdk.charsets" type="simple" />
            <root url="jar://D:/program/jdk-17.0.1/lib/src.zip!/jdk.compiler" type="simple" />
            <root url="jar://D:/program/jdk-17.0.1/lib/src.zip!/jdk.dynalink" type="simple" />
            <root url="jar://D:/program/jdk-17.0.1/lib/src.zip!/jdk.jconsole" type="simple" />
            <root url="jar://D:/program/jdk-17.0.1/lib/src.zip!/jdk.jpackage" type="simple" />
            <root url="jar://D:/program/jdk-17.0.1/lib/src.zip!/jdk.jsobject" type="simple" />
            <root url="jar://D:/program/jdk-17.0.1/lib/src.zip!/java.compiler" type="simple" />
            <root url="jar://D:/program/jdk-17.0.1/lib/src.zip!/java.net.http" type="simple" />
            <root url="jar://D:/program/jdk-17.0.1/lib/src.zip!/jdk.crypto.ec" type="simple" />
            <root url="jar://D:/program/jdk-17.0.1/lib/src.zip!/java.scripting" type="simple" />
            <root url="jar://D:/program/jdk-17.0.1/lib/src.zip!/jdk.httpserver" type="simple" />
            <root url="jar://D:/program/jdk-17.0.1/lib/src.zip!/jdk.jdwp.agent" type="simple" />
            <root url="jar://D:/program/jdk-17.0.1/lib/src.zip!/jdk.localedata" type="simple" />
            <root url="jar://D:/program/jdk-17.0.1/lib/src.zip!/jdk.management" type="simple" />
            <root url="jar://D:/program/jdk-17.0.1/lib/src.zip!/jdk.naming.dns" type="simple" />
            <root url="jar://D:/program/jdk-17.0.1/lib/src.zip!/jdk.naming.rmi" type="simple" />
            <root url="jar://D:/program/jdk-17.0.1/lib/src.zip!/java.instrument" type="simple" />
            <root url="jar://D:/program/jdk-17.0.1/lib/src.zip!/java.management" type="simple" />
            <root url="jar://D:/program/jdk-17.0.1/lib/src.zip!/java.sql.rowset" type="simple" />
            <root url="jar://D:/program/jdk-17.0.1/lib/src.zip!/java.xml.crypto" type="simple" />
            <root url="jar://D:/program/jdk-17.0.1/lib/src.zip!/jdk.internal.ed" type="simple" />
            <root url="jar://D:/program/jdk-17.0.1/lib/src.zip!/jdk.internal.le" type="simple" />
            <root url="jar://D:/program/jdk-17.0.1/lib/src.zip!/jdk.nio.mapmode" type="simple" />
            <root url="jar://D:/program/jdk-17.0.1/lib/src.zip!/jdk.unsupported" type="simple" />
            <root url="jar://D:/program/jdk-17.0.1/lib/src.zip!/java.smartcardio" type="simple" />
            <root url="jar://D:/program/jdk-17.0.1/lib/src.zip!/jdk.internal.opt" type="simple" />
            <root url="jar://D:/program/jdk-17.0.1/lib/src.zip!/java.datatransfer" type="simple" />
            <root url="jar://D:/program/jdk-17.0.1/lib/src.zip!/jdk.accessibility" type="simple" />
            <root url="jar://D:/program/jdk-17.0.1/lib/src.zip!/jdk.crypto.mscapi" type="simple" />
            <root url="jar://D:/program/jdk-17.0.1/lib/src.zip!/jdk.hotspot.agent" type="simple" />
            <root url="jar://D:/program/jdk-17.0.1/lib/src.zip!/jdk.security.auth" type="simple" />
            <root url="jar://D:/program/jdk-17.0.1/lib/src.zip!/jdk.security.jgss" type="simple" />
            <root url="jar://D:/program/jdk-17.0.1/lib/src.zip!/java.security.jgss" type="simple" />
            <root url="jar://D:/program/jdk-17.0.1/lib/src.zip!/java.security.sasl" type="simple" />
            <root url="jar://D:/program/jdk-17.0.1/lib/src.zip!/jdk.internal.vm.ci" type="simple" />
            <root url="jar://D:/program/jdk-17.0.1/lib/src.zip!/jdk.management.jfr" type="simple" />
            <root url="jar://D:/program/jdk-17.0.1/lib/src.zip!/java.management.rmi" type="simple" />
            <root url="jar://D:/program/jdk-17.0.1/lib/src.zip!/java.transaction.xa" type="simple" />
            <root url="jar://D:/program/jdk-17.0.1/lib/src.zip!/jdk.crypto.cryptoki" type="simple" />
            <root url="jar://D:/program/jdk-17.0.1/lib/src.zip!/jdk.incubator.vector" type="simple" />
            <root url="jar://D:/program/jdk-17.0.1/lib/src.zip!/jdk.internal.jvmstat" type="simple" />
            <root url="jar://D:/program/jdk-17.0.1/lib/src.zip!/jdk.management.agent" type="simple" />
            <root url="jar://D:/program/jdk-17.0.1/lib/src.zip!/jdk.incubator.foreign" type="simple" />
            <root url="jar://D:/program/jdk-17.0.1/lib/src.zip!/jdk.unsupported.desktop" type="simple" />
            <root url="jar://D:/program/jdk-17.0.1/lib/src.zip!/jdk.internal.vm.compiler" type="simple" />
            <root url="jar://D:/program/jdk-17.0.1/lib/src.zip!/jdk.internal.vm.compiler.management" type="simple" />
          </root>
        </sourcePath>
      </roots>
    </jdk>
    <jdk version="2">
      <name value="jbr-21" />
      <type value="JavaSDK" />
      <version value="JetBrains Runtime 21.0.5" />
      <homePath value="C:/Program Files/Android/Android Studio/jbr" />
      <roots>
        <annotationsPath>
          <root type="composite">
            <root url="jar://$APPLICATION_HOME_DIR$/plugins/java/lib/resources/jdkAnnotations.jar!/" type="simple" />
          </root>
        </annotationsPath>
        <classPath>
          <root type="composite">
            <root url="jrt://C:/Program Files/Android/Android Studio/jbr!/java.base" type="simple" />
            <root url="jrt://C:/Program Files/Android/Android Studio/jbr!/java.compiler" type="simple" />
            <root url="jrt://C:/Program Files/Android/Android Studio/jbr!/java.datatransfer" type="simple" />
            <root url="jrt://C:/Program Files/Android/Android Studio/jbr!/java.desktop" type="simple" />
            <root url="jrt://C:/Program Files/Android/Android Studio/jbr!/java.instrument" type="simple" />
            <root url="jrt://C:/Program Files/Android/Android Studio/jbr!/java.logging" type="simple" />
            <root url="jrt://C:/Program Files/Android/Android Studio/jbr!/java.management" type="simple" />
            <root url="jrt://C:/Program Files/Android/Android Studio/jbr!/java.management.rmi" type="simple" />
            <root url="jrt://C:/Program Files/Android/Android Studio/jbr!/java.naming" type="simple" />
            <root url="jrt://C:/Program Files/Android/Android Studio/jbr!/java.net.http" type="simple" />
            <root url="jrt://C:/Program Files/Android/Android Studio/jbr!/java.prefs" type="simple" />
            <root url="jrt://C:/Program Files/Android/Android Studio/jbr!/java.rmi" type="simple" />
            <root url="jrt://C:/Program Files/Android/Android Studio/jbr!/java.scripting" type="simple" />
            <root url="jrt://C:/Program Files/Android/Android Studio/jbr!/java.se" type="simple" />
            <root url="jrt://C:/Program Files/Android/Android Studio/jbr!/java.security.jgss" type="simple" />
            <root url="jrt://C:/Program Files/Android/Android Studio/jbr!/java.security.sasl" type="simple" />
            <root url="jrt://C:/Program Files/Android/Android Studio/jbr!/java.smartcardio" type="simple" />
            <root url="jrt://C:/Program Files/Android/Android Studio/jbr!/java.sql" type="simple" />
            <root url="jrt://C:/Program Files/Android/Android Studio/jbr!/java.sql.rowset" type="simple" />
            <root url="jrt://C:/Program Files/Android/Android Studio/jbr!/java.transaction.xa" type="simple" />
            <root url="jrt://C:/Program Files/Android/Android Studio/jbr!/java.xml" type="simple" />
            <root url="jrt://C:/Program Files/Android/Android Studio/jbr!/java.xml.crypto" type="simple" />
            <root url="jrt://C:/Program Files/Android/Android Studio/jbr!/jdk.accessibility" type="simple" />
            <root url="jrt://C:/Program Files/Android/Android Studio/jbr!/jdk.attach" type="simple" />
            <root url="jrt://C:/Program Files/Android/Android Studio/jbr!/jdk.charsets" type="simple" />
            <root url="jrt://C:/Program Files/Android/Android Studio/jbr!/jdk.compiler" type="simple" />
            <root url="jrt://C:/Program Files/Android/Android Studio/jbr!/jdk.crypto.cryptoki" type="simple" />
            <root url="jrt://C:/Program Files/Android/Android Studio/jbr!/jdk.crypto.ec" type="simple" />
            <root url="jrt://C:/Program Files/Android/Android Studio/jbr!/jdk.dynalink" type="simple" />
            <root url="jrt://C:/Program Files/Android/Android Studio/jbr!/jdk.hotspot.agent" type="simple" />
            <root url="jrt://C:/Program Files/Android/Android Studio/jbr!/jdk.httpserver" type="simple" />
            <root url="jrt://C:/Program Files/Android/Android Studio/jbr!/jdk.internal.ed" type="simple" />
            <root url="jrt://C:/Program Files/Android/Android Studio/jbr!/jdk.internal.jvmstat" type="simple" />
            <root url="jrt://C:/Program Files/Android/Android Studio/jbr!/jdk.internal.le" type="simple" />
            <root url="jrt://C:/Program Files/Android/Android Studio/jbr!/jdk.internal.opt" type="simple" />
            <root url="jrt://C:/Program Files/Android/Android Studio/jbr!/jdk.internal.vm.ci" type="simple" />
            <root url="jrt://C:/Program Files/Android/Android Studio/jbr!/jdk.jartool" type="simple" />
            <root url="jrt://C:/Program Files/Android/Android Studio/jbr!/jdk.javadoc" type="simple" />
            <root url="jrt://C:/Program Files/Android/Android Studio/jbr!/jdk.jcmd" type="simple" />
            <root url="jrt://C:/Program Files/Android/Android Studio/jbr!/jdk.jdeps" type="simple" />
            <root url="jrt://C:/Program Files/Android/Android Studio/jbr!/jdk.jdi" type="simple" />
            <root url="jrt://C:/Program Files/Android/Android Studio/jbr!/jdk.jdwp.agent" type="simple" />
            <root url="jrt://C:/Program Files/Android/Android Studio/jbr!/jdk.jfr" type="simple" />
            <root url="jrt://C:/Program Files/Android/Android Studio/jbr!/jdk.jlink" type="simple" />
            <root url="jrt://C:/Program Files/Android/Android Studio/jbr!/jdk.jsobject" type="simple" />
            <root url="jrt://C:/Program Files/Android/Android Studio/jbr!/jdk.localedata" type="simple" />
            <root url="jrt://C:/Program Files/Android/Android Studio/jbr!/jdk.management" type="simple" />
            <root url="jrt://C:/Program Files/Android/Android Studio/jbr!/jdk.management.agent" type="simple" />
            <root url="jrt://C:/Program Files/Android/Android Studio/jbr!/jdk.management.jfr" type="simple" />
            <root url="jrt://C:/Program Files/Android/Android Studio/jbr!/jdk.naming.dns" type="simple" />
            <root url="jrt://C:/Program Files/Android/Android Studio/jbr!/jdk.naming.rmi" type="simple" />
            <root url="jrt://C:/Program Files/Android/Android Studio/jbr!/jdk.net" type="simple" />
            <root url="jrt://C:/Program Files/Android/Android Studio/jbr!/jdk.sctp" type="simple" />
            <root url="jrt://C:/Program Files/Android/Android Studio/jbr!/jdk.security.auth" type="simple" />
            <root url="jrt://C:/Program Files/Android/Android Studio/jbr!/jdk.security.jgss" type="simple" />
            <root url="jrt://C:/Program Files/Android/Android Studio/jbr!/jdk.unsupported" type="simple" />
            <root url="jrt://C:/Program Files/Android/Android Studio/jbr!/jdk.unsupported.desktop" type="simple" />
            <root url="jrt://C:/Program Files/Android/Android Studio/jbr!/jdk.xml.dom" type="simple" />
            <root url="jrt://C:/Program Files/Android/Android Studio/jbr!/jdk.zipfs" type="simple" />
          </root>
        </classPath>
        <javadocPath>
          <root type="composite" />
        </javadocPath>
        <sourcePath>
          <root type="composite" />
        </sourcePath>
      </roots>
    </jdk>
  </component>
</application>