<application>
  <component name="BuildProcessSatisfactionSurveyStore">
    <option name="daysWithGradleBuilds" value="5" />
    <option name="firstKotlinGradleBuildTime" value="1742607984" />
    <option name="lastKotlinGradleBuildTime" value="1746604630" />
    <option name="nextCountedGradleBuild" value="1746689463" />
  </component>
  <component name="KotlinNewUserTracker">
    <option name="firstKtFileOpened" value="1724726633" />
    <option name="lastKtFileOpened" value="1746603710" />
    <option name="newKtUserSince" value="1742348976" />
  </component>
</application>