<application>
  <component name="Trusted.Paths">
    <option name="TRUSTED_PROJECT_PATHS">
      <map>
        <entry key="C:\Users\CrowF\Desktop\UniApp\UniApp" value="true" />
        <entry key="C:\Users\CrowF\Desktop\kotlin-hello-nodejs-main" value="true" />
        <entry key="C:\Users\CrowF\Desktop\kotlin-wasm-wasi-template-main" value="true" />
        <entry key="C:\Users\CrowF\Desktop\kotlin-worker-hello-world" value="true" />
        <entry key="C:\Users\CrowF\Desktop\kotlin-worker-hello-world-master" value="true" />
        <entry key="D:\fish\Ktor-Crow-main" value="true" />
        <entry key="D:\fish\KtorSample\ktor-sample" value="true" />
        <entry key="D:\fish\MordecaiEncrypt" value="true" />
        <entry key="D:\fish\MordecaiFuntionToAno" value="true" />
        <entry key="D:\fish\c\demo" value="true" />
        <entry key="D:\fish\kmp-native-wizard-main" value="true" />
        <entry key="D:\fish\knn\knn" value="true" />
        <entry key="D:\fish\kotlin-jack" value="true" />
        <entry key="D:\fish\kotlin-marks" value="true" />
        <entry key="D:\fish\kotlin-marks\kotlin-marks" value="true" />
        <entry key="D:\fish\kotlin-master" value="true" />
        <entry key="D:\fish\ktSample" value="true" />
        <entry key="D:\fish\ktSample\untitled" value="true" />
        <entry key="D:\fish\sample\ktor-sample" value="true" />
      </map>
    </option>
  </component>
  <component name="Trusted.Paths.Settings">
    <option name="TRUSTED_PATHS">
      <list>
        <option value="C:\Users\CrowF\Desktop\UniApp" />
      </list>
    </option>
  </component>
</application>