<application>
  <component name="DimensionService">
    <location key="find.popup.0.0.1920.1080" x="824" y="129" />
    <size key="GridCell.Tab.0.left.0.0.1920.1080" width="1302" height="285" />
    <size key="GridCell.Tab.0.center.0.0.1920.1080" width="1302" height="285" />
    <size key="GridCell.Tab.0.right.0.0.1920.1080" width="1302" height="285" />
    <size key="GridCell.Tab.0.bottom.0.0.1920.1080" width="1302" height="285" />
    <size key="find.popup.0.0.1920.1080" width="935" height="576" />
    <size key="GridCell.Tab.1.left.0.0.1920.1080" width="1763" height="306" />
    <size key="GridCell.Tab.1.center.0.0.1920.1080" width="1763" height="306" />
    <size key="GridCell.Tab.1.right.0.0.1920.1080" width="1763" height="306" />
    <size key="GridCell.Tab.1.bottom.0.0.1920.1080" width="1763" height="306" />
    <size key="GridCell.Tab.2.left.0.0.1920.1080" width="1763" height="306" />
    <size key="GridCell.Tab.2.center.0.0.1920.1080" width="1763" height="306" />
    <size key="GridCell.Tab.2.right.0.0.1920.1080" width="1763" height="306" />
    <size key="GridCell.Tab.2.bottom.0.0.1920.1080" width="1763" height="306" />
  </component>
  <component name="WindowManager">
    <frame x="297" y="52" width="1400" height="1000" />
  </component>
  <component name="WindowStateApplicationService">
    <state x="421" y="295" key="FileChooserDialogImpl" timestamp="1746603707857">
      <screen x="75" y="24" width="1845" height="1056" />
    </state>
    <state x="421" y="295" key="FileChooserDialogImpl/75.24.1845.1056" timestamp="1746603707857" />
    <state width="407" height="163" key="ShowUsagesActions.dimensionServiceKey" timestamp="1745485774305">
      <screen x="75" y="24" width="1845" height="1056" />
    </state>
    <state width="407" height="163" key="ShowUsagesActions.dimensionServiceKey/75.24.1845.1056" timestamp="1745485774305" />
  </component>
</application>