<application>
  <component name="Translation.Cache">
    <option name="lastTrimTime" value="1745223476912" />
  </component>
  <component name="Translation.States">
    <option name="translationDialogHeight" value="260" />
    <option name="translationDialogLocationX" value="872" />
    <option name="translationDialogLocationY" value="426" />
    <histories>
      <item value="failed to asynchronously prepare wasm: both async and sync fetching of the wasm failed" />
      <item value="mounted" />
      <item value="编译流程" />
      <item value="b" />
      <item value="output result" />
      <item value="最终产物" />
      <item value="zui" />
      <item value="思路" />
      <item value="re" />
      <item value="diagnostics reporter" />
      <item value="fir 2 ir actualized result" />
      <item value="Using 'select(SqlExpressionBuilder.() -&gt; Op&lt;Boolean&gt;): Query' is an error. As part of SELECT DSL design changes, this will be removed in future releases." />
      <item value="问题只发生在0.5.0" />
      <item value="问题只发生在0.5" />
      <item value="问题只发生在0。" />
      <item value="问题只发生在0，" />
      <item value="2" />
      <item value="我尝试在IDEA中把项目的SDK改成Java17 、11，尝试过在设置中，Build --&gt; Gradle设置17、11，也尝试设置了下面代码都报这个错误，清除过IDEA的缓存" />
      <item value="我尝试在IDEA中把项目的SDK改成Java17 、11，尝试过在设置中，Build --&gt; Gradle设置17、11，也尝试设置了下面代码都报这个错误，清除" />
      <item value="我尝试在IDEA中把项目的SDK改成Java17 、11，尝试过在设置中，Build --&gt; Gradle设置17、11，也尝试设置了下面代码都报这个错误，qing'chu" />
      <item value="我尝试在IDEA中把项目的SDK改成Java17 、11，尝试过在设置中，Build --&gt; Gradle设置17、11，也尝试设置了下面代码都报这个错误i" />
      <item value="我尝试在IDEA中把项目的SDK改成Java17 、11，尝试过在设置中，Build --&gt; Gradle设置17、11，也尝试设置了下面代码dou'bao" />
      <item value="我尝试在IDEA中把项目的SDK改成Java17 、11，尝试过在设置中，Build --&gt; Gradle设置17、11，尝试" />
      <item value="我尝试在IDEA中把项目的SDK改成Java17 、11，尝试过在设置中，Build --&gt; Gradle设置17、11，尝试设置" />
      <item value="我尝试在IDEA中把项目的SDK改成Java17 、11，尝试过在设置中，Build --&gt; Gradle设置17、11，" />
      <item value="我尝试在IDEA中把项目的SDK改成Java17 、11，尝试过在设置中，Build --&gt; Gradle设置17、11，然后" />
      <item value="我尝试在IDEA中把项目的SDK改成Java17 、11，尝试过在设置中，Build --&gt; Gradle设置17、11" />
      <item value="我尝试在IDEA中把项目的SDK改成Java17 、11，尝试过在设置中，Build --&gt; Gradle设置17、" />
      <item value="我尝试在IDEA中把项目的SDK改成Java17 、11，尝试过在设置中，Build --&gt; Gradle设置" />
      <item value="我尝试在IDEA中把项目的SDK改成Java17 、11，尝试过在设置中，Build " />
      <item value="我尝试在IDEA中把项目的SDK改成Java17 、11，尝试过在设置中，Build\" />
      <item value="我尝试在IDEA中把项目的SDK改成Java17 、11，尝试过在设置中，" />
      <item value="我尝试在IDEA中把项目的SDK改成Java17 、11，尝试过在设置中" />
      <item value="我尝试在IDEA中把项目的SDK改成Java17 、11，尝试过在设置修改build" />
      <item value="我尝试在IDEA中把项目的SDK改成Java17 、11，尝试过在设置修改build，" />
      <item value="我尝试在IDEA中把项目的SDK改成Java17 、11，尝试过在设置修改build》" />
      <item value="我尝试在IDEA中把项目的SDK改成Java17 、11，尝试过在设置修改" />
      <item value="我尝试在IDEA中把项目的SDK改成Java17 、11，尝试过在设置修改settings" />
      <item value="我尝试在IDEA中把项目的SDK改成Java17 、11，尝试过把" />
      <item value="我尝试在IDEA中把项目的SDK改成Java17 、11，" />
      <item value="我尝试在IDEA中把项目的SDK改成Java17 、11" />
      <item value="我尝试在IDEA中把项目的SDK改成Java17 " />
      <item value="我尝试在IDEA中把项目的SDK改成Java" />
      <item value="我尝试在IDEA中把项目的SDKgai'c" />
      <item value="我尝试在IDEA中把" />
      <item value="&gt; denilsdruyengradleftpUploadPlugin has been compiled by a more recent version of the Java Runtime (class file version 65.0), this version of the Java Runtime only recognizes class file versions up to 61.0" />
      <item value="Cause: denilsdruyengradleftpUploadPlugin has been compiled by a more recent version of the Java Runtime (class file version 65.0), this version of the Java Runtime only recognizes class file versions up to 61.0" />
      <item value="FTP TARGET DIR" />
      <item value="Cannot add extension with name 'ktor', as there is an extension already registered with that name." />
      <item value="分布式" />
    </histories>
    <option name="languageScores">
      <map>
        <entry key="CHINESE" value="43" />
        <entry key="CHINESE_SIMPLIFIED" value="33" />
        <entry key="ENGLISH" value="73" />
      </map>
    </option>
  </component>
</application>