<keymap version="1" name="Windows copy" parent="$default">
  <action id="$EditorTranslateAction">
    <keyboard-shortcut first-keystroke="shift ctrl alt 2" />
  </action>
  <action id="$ShowTranslationDialogAction">
    <keyboard-shortcut first-keystroke="shift ctrl alt 1" />
  </action>
  <action id="$TranslateAndReplaceAction">
    <keyboard-shortcut first-keystroke="shift ctrl alt 3" />
  </action>
  <action id="ActivateBuildToolWindow">
    <keyboard-shortcut first-keystroke="ctrl alt 6" />
  </action>
  <action id="ActivateEventLogToolWindow">
    <keyboard-shortcut first-keystroke="ctrl alt 5" />
  </action>
  <action id="ActivateLogcatToolWindow">
    <keyboard-shortcut first-keystroke="ctrl alt 3" />
    <keyboard-shortcut first-keystroke="alt g" />
  </action>
  <action id="ActivateTerminalToolWindow">
    <keyboard-shortcut first-keystroke="alt f12" />
    <keyboard-shortcut first-keystroke="ctrl alt 4" />
  </action>
  <action id="Android.ChooseProfileConfiguration">
    <keyboard-shortcut first-keystroke="shift alt e" />
  </action>
  <action id="Android.CreateResourcesActionGroup">
    <keyboard-shortcut first-keystroke="shift alt 4" />
  </action>
  <action id="ChooseDebugConfiguration">
    <keyboard-shortcut first-keystroke="shift alt f9" />
    <keyboard-shortcut first-keystroke="shift alt w" />
  </action>
  <action id="ChooseNextSubsequentPropertyValueEditorAction">
    <keyboard-shortcut first-keystroke="alt down" />
  </action>
  <action id="ChooseRunConfiguration">
    <keyboard-shortcut first-keystroke="shift alt f10" />
    <keyboard-shortcut first-keystroke="shift alt r" />
  </action>
  <action id="CleanGradleProject">
    <keyboard-shortcut first-keystroke="shift alt q" />
  </action>
  <action id="CloseAllEditors">
    <keyboard-shortcut first-keystroke="shift alt equals" />
  </action>
  <action id="CloseAllEditorsButActive">
    <keyboard-shortcut first-keystroke="shift alt minus" />
  </action>
  <action id="CloseContent">
    <keyboard-shortcut first-keystroke="ctrl f4" />
    <keyboard-shortcut first-keystroke="shift alt 0" />
  </action>
  <action id="CodeCompletion">
    <keyboard-shortcut first-keystroke="ctrl space" />
    <keyboard-shortcut first-keystroke="shift alt v" />
  </action>
  <action id="CodeInspection.OnEditor" />
  <action id="CollapseRegion">
    <keyboard-shortcut first-keystroke="ctrl subtract" />
    <keyboard-shortcut first-keystroke="ctrl minus" />
    <keyboard-shortcut first-keystroke="alt c" />
  </action>
  <action id="CollapseSelection" />
  <action id="CompileDirty">
    <keyboard-shortcut first-keystroke="ctrl f9" />
    <keyboard-shortcut first-keystroke="alt b" />
  </action>
  <action id="ConvertJavaToKotlin" />
  <action id="Debugger.RemoveAllBreakpoints">
    <keyboard-shortcut first-keystroke="shift ctrl alt 5" />
  </action>
  <action id="EditBookmark">
    <keyboard-shortcut first-keystroke="shift ctrl alt f" />
  </action>
  <action id="Editor EditorTranslateAction">
    <keyboard-shortcut first-keystroke="shift ctrl alt 2" />
  </action>
  <action id="Editor ShowTranslationDialogAction">
    <keyboard-shortcut first-keystroke="shift ctrl alt 1" />
  </action>
  <action id="Editor TranslateAndReplaceAction">
    <keyboard-shortcut first-keystroke="shift ctrl alt 3" />
  </action>
  <action id="EditorBackSpace">
    <keyboard-shortcut first-keystroke="back_space" />
    <keyboard-shortcut first-keystroke="shift back_space" />
    <keyboard-shortcut first-keystroke="alt d" />
  </action>
  <action id="EditorChooseLookupItemDot" />
  <action id="EditorContextInfo" />
  <action id="EditorDecreaseFontSize">
    <keyboard-shortcut first-keystroke="alt period" />
  </action>
  <action id="EditorDecreaseFontSizeGlobal" />
  <action id="EditorDeleteLine">
    <keyboard-shortcut first-keystroke="ctrl y" />
    <keyboard-shortcut first-keystroke="alt f" />
  </action>
  <action id="EditorDown">
    <keyboard-shortcut first-keystroke="down" />
    <keyboard-shortcut first-keystroke="alt j" />
  </action>
  <action id="EditorDownWithSelection">
    <keyboard-shortcut first-keystroke="shift down" />
    <keyboard-shortcut first-keystroke="alt u" />
  </action>
  <action id="EditorFocusGutter" />
  <action id="EditorIncreaseFontSize">
    <keyboard-shortcut first-keystroke="shift alt period" />
  </action>
  <action id="EditorLeft">
    <keyboard-shortcut first-keystroke="left" />
    <keyboard-shortcut first-keystroke="alt h" />
  </action>
  <action id="EditorLeftWithSelection">
    <keyboard-shortcut first-keystroke="shift left" />
    <keyboard-shortcut first-keystroke="alt y" />
  </action>
  <action id="EditorMoveDownAndScroll">
    <keyboard-shortcut first-keystroke="shift ctrl alt j" />
  </action>
  <action id="EditorMoveToPageBottom">
    <keyboard-shortcut first-keystroke="ctrl page_down" />
    <keyboard-shortcut first-keystroke="shift alt semicolon" />
  </action>
  <action id="EditorMoveToPageTop">
    <keyboard-shortcut first-keystroke="ctrl page_up" />
    <keyboard-shortcut first-keystroke="shift alt quote" />
  </action>
  <action id="EditorMoveUpAndScroll">
    <keyboard-shortcut first-keystroke="shift ctrl alt k" />
  </action>
  <action id="EditorNextWord">
    <keyboard-shortcut first-keystroke="ctrl right" />
    <keyboard-shortcut first-keystroke="shift alt l" />
  </action>
  <action id="EditorNextWordWithSelection">
    <keyboard-shortcut first-keystroke="shift ctrl right" />
    <keyboard-shortcut first-keystroke="shift alt o" />
  </action>
  <action id="EditorPageDown">
    <keyboard-shortcut first-keystroke="page_down" />
    <keyboard-shortcut first-keystroke="alt semicolon" />
  </action>
  <action id="EditorPageUp">
    <keyboard-shortcut first-keystroke="page_up" />
    <keyboard-shortcut first-keystroke="alt quote" />
  </action>
  <action id="EditorPreviousWord">
    <keyboard-shortcut first-keystroke="ctrl left" />
    <keyboard-shortcut first-keystroke="shift alt h" />
  </action>
  <action id="EditorPreviousWordWithSelection">
    <keyboard-shortcut first-keystroke="shift ctrl left" />
    <keyboard-shortcut first-keystroke="shift alt y" />
  </action>
  <action id="EditorResetFontSize">
    <keyboard-shortcut first-keystroke="shift ctrl alt period" />
  </action>
  <action id="EditorRight">
    <keyboard-shortcut first-keystroke="right" />
    <keyboard-shortcut first-keystroke="alt l" />
  </action>
  <action id="EditorRightWithSelection">
    <keyboard-shortcut first-keystroke="shift right" />
    <keyboard-shortcut first-keystroke="alt o" />
  </action>
  <action id="EditorScrollBottom">
    <keyboard-shortcut first-keystroke="ctrl m" />
  </action>
  <action id="EditorScrollDown">
    <keyboard-shortcut first-keystroke="ctrl down" />
    <keyboard-shortcut first-keystroke="shift alt u" />
  </action>
  <action id="EditorScrollToCenter">
    <keyboard-shortcut first-keystroke="ctrl semicolon" />
  </action>
  <action id="EditorScrollTop">
    <keyboard-shortcut first-keystroke="ctrl comma" />
  </action>
  <action id="EditorScrollUp">
    <keyboard-shortcut first-keystroke="ctrl up" />
    <keyboard-shortcut first-keystroke="shift alt i" />
  </action>
  <action id="EditorShowGutterIconTooltip" />
  <action id="EditorStartNewLine">
    <keyboard-shortcut first-keystroke="shift enter" />
    <keyboard-shortcut first-keystroke="alt comma" />
  </action>
  <action id="EditorStartNewLineBefore">
    <keyboard-shortcut first-keystroke="ctrl alt enter" />
    <keyboard-shortcut first-keystroke="shift alt comma" />
  </action>
  <action id="EditorToggleShowGutterIcons">
    <keyboard-shortcut first-keystroke="shift alt 2" />
  </action>
  <action id="EditorToggleShowIndentLines">
    <keyboard-shortcut first-keystroke="shift alt 3" />
  </action>
  <action id="EditorToggleShowLineNumbers">
    <keyboard-shortcut first-keystroke="shift alt 1" />
  </action>
  <action id="EditorUp">
    <keyboard-shortcut first-keystroke="up" />
    <keyboard-shortcut first-keystroke="alt k" />
  </action>
  <action id="EditorUpWithSelection">
    <keyboard-shortcut first-keystroke="shift up" />
    <keyboard-shortcut first-keystroke="alt i" />
  </action>
  <action id="EmmetNextEditPoint" />
  <action id="EmmetPreviousEditPoint" />
  <action id="ExpandRegion">
    <keyboard-shortcut first-keystroke="ctrl add" />
    <keyboard-shortcut first-keystroke="ctrl equals" />
    <keyboard-shortcut first-keystroke="alt v" />
  </action>
  <action id="ExportToTextFile" />
  <action id="Generate">
    <keyboard-shortcut first-keystroke="alt insert" />
    <keyboard-shortcut first-keystroke="alt a" />
  </action>
  <action id="GotoDeclaration">
    <keyboard-shortcut first-keystroke="ctrl b" />
    <mouse-shortcut keystroke="control button1" />
    <mouse-shortcut keystroke="button2" />
    <keyboard-shortcut first-keystroke="shift alt 6" />
  </action>
  <action id="GotoFile">
    <keyboard-shortcut first-keystroke="shift ctrl n" />
    <keyboard-shortcut first-keystroke="shift alt 7" />
  </action>
  <action id="GotoNextBookmark">
    <keyboard-shortcut first-keystroke="shift ctrl alt e" />
  </action>
  <action id="Kotlin.NewFile">
    <keyboard-shortcut first-keystroke="shift alt 5" />
  </action>
  <action id="List-scrollDown">
    <keyboard-shortcut first-keystroke="page_down" />
  </action>
  <action id="List-selectPreviousRow">
    <keyboard-shortcut first-keystroke="up" />
    <keyboard-shortcut first-keystroke="alt k" />
  </action>
  <action id="MethodDown">
    <keyboard-shortcut first-keystroke="alt down" />
    <keyboard-shortcut first-keystroke="shift alt j" />
  </action>
  <action id="MethodUp">
    <keyboard-shortcut first-keystroke="alt up" />
    <keyboard-shortcut first-keystroke="shift alt k" />
  </action>
  <action id="MoveLineDown">
    <keyboard-shortcut first-keystroke="shift alt down" />
    <keyboard-shortcut first-keystroke="alt s" />
  </action>
  <action id="MoveLineUp">
    <keyboard-shortcut first-keystroke="shift alt up" />
    <keyboard-shortcut first-keystroke="alt w" />
  </action>
  <action id="NavBar-selectUp">
    <keyboard-shortcut first-keystroke="up" />
    <keyboard-shortcut first-keystroke="alt k" />
  </action>
  <action id="NewElementInMenuGroup">
    <keyboard-shortcut first-keystroke="shift ctrl alt back_quote" />
  </action>
  <action id="NextTab">
    <keyboard-shortcut first-keystroke="alt right" />
    <keyboard-shortcut first-keystroke="shift alt 9" />
  </action>
  <action id="OpenFile">
    <keyboard-shortcut first-keystroke="shift ctrl alt o" />
  </action>
  <action id="ParserActionId" />
  <action id="PopupMenu-selectPrevious">
    <keyboard-shortcut first-keystroke="up" />
    <keyboard-shortcut first-keystroke="alt k" />
  </action>
  <action id="PreviousTab">
    <keyboard-shortcut first-keystroke="alt left" />
    <keyboard-shortcut first-keystroke="shift alt 8" />
  </action>
  <action id="ReformatCode">
    <keyboard-shortcut first-keystroke="ctrl alt l" />
    <keyboard-shortcut first-keystroke="alt e" />
  </action>
  <action id="RenameElement">
    <keyboard-shortcut first-keystroke="shift f6" />
    <keyboard-shortcut first-keystroke="shift ctrl f1" />
    <keyboard-shortcut first-keystroke="ctrl alt 1" />
  </action>
  <action id="RerunTests" />
  <action id="RevealIn">
    <keyboard-shortcut first-keystroke="shift alt back_slash" />
  </action>
  <action id="Run">
    <keyboard-shortcut first-keystroke="shift f10" />
    <keyboard-shortcut first-keystroke="alt r" />
  </action>
  <action id="ScrollPane-scrollLeft">
    <keyboard-shortcut first-keystroke="shift alt open_bracket" />
  </action>
  <action id="ScrollPane-scrollRight">
    <keyboard-shortcut first-keystroke="shift alt close_bracket" />
  </action>
  <action id="ScrollPane-unitScrollLeft">
    <keyboard-shortcut first-keystroke="alt open_bracket" />
  </action>
  <action id="ScrollPane-unitScrollRight">
    <keyboard-shortcut first-keystroke="alt close_bracket" />
  </action>
  <action id="SelectAllOccurrences" />
  <action id="SelectNextOccurrence" />
  <action id="SelectVirtualTemplateElement" />
  <action id="ShowBookmarks">
    <keyboard-shortcut first-keystroke="shift f11" />
    <keyboard-shortcut first-keystroke="shift ctrl alt g" />
  </action>
  <action id="ShowIntentionActions">
    <keyboard-shortcut first-keystroke="alt enter" />
    <keyboard-shortcut first-keystroke="alt q" />
  </action>
  <action id="ShowSettings">
    <keyboard-shortcut first-keystroke="ctrl alt s" />
    <keyboard-shortcut first-keystroke="shift alt back_quote" />
  </action>
  <action id="Stop">
    <keyboard-shortcut first-keystroke="ctrl f2" />
    <keyboard-shortcut first-keystroke="alt t" />
  </action>
  <action id="Table-scrollDownChangeSelection">
    <keyboard-shortcut first-keystroke="page_down" />
  </action>
  <action id="Table-selectPreviousRow">
    <keyboard-shortcut first-keystroke="up" />
    <keyboard-shortcut first-keystroke="alt k" />
  </action>
  <action id="TableResult.UnselectPreviousOccurrence" />
  <action id="ToggleBookmark">
    <keyboard-shortcut first-keystroke="f11" />
    <keyboard-shortcut first-keystroke="shift ctrl alt d" />
  </action>
  <action id="ToggleDistractionFreeMode">
    <keyboard-shortcut first-keystroke="shift ctrl alt z" />
  </action>
  <action id="ToggleFullScreen">
    <keyboard-shortcut first-keystroke="alt z" />
  </action>
  <action id="ToggleLineBreakpoint">
    <keyboard-shortcut first-keystroke="ctrl f8" />
    <keyboard-shortcut first-keystroke="shift ctrl alt 4" />
  </action>
  <action id="TogglePresentationMode">
    <keyboard-shortcut first-keystroke="shift ctrl alt x" />
  </action>
  <action id="ToggleZenMode">
    <keyboard-shortcut first-keystroke="alt x" />
  </action>
  <action id="Translation.EditorTranslateAction">
    <keyboard-shortcut first-keystroke="shift ctrl y" />
    <keyboard-shortcut first-keystroke="shift ctrl alt 2" />
  </action>
  <action id="Translation.ShowTranslationDialogAction">
    <keyboard-shortcut first-keystroke="shift ctrl y" />
    <keyboard-shortcut first-keystroke="shift ctrl alt 1" />
  </action>
  <action id="Translation.TranslateAndReplaceAction">
    <keyboard-shortcut first-keystroke="shift ctrl x" />
    <keyboard-shortcut first-keystroke="shift ctrl alt 3" />
  </action>
  <action id="Tree-selectPrevious">
    <keyboard-shortcut first-keystroke="up" />
    <keyboard-shortcut first-keystroke="alt k" />
  </action>
  <action id="UnselectPreviousOccurrence" />
  <action id="UpdateRunningApplication" />
  <action id="Vcs.ShowMessageHistory">
    <keyboard-shortcut first-keystroke="ctrl e" />
  </action>
  <action id="ViewNavigationBar">
    <keyboard-shortcut first-keystroke="shift alt f3" />
  </action>
  <action id="ViewStatusBar">
    <keyboard-shortcut first-keystroke="shift alt f2" />
  </action>
  <action id="ViewToolButtons">
    <keyboard-shortcut first-keystroke="shift alt f1" />
  </action>
  <action id="android.deploy.ApplyChanges">
    <keyboard-shortcut first-keystroke="ctrl f10" />
  </action>
  <action id="android.deploy.CodeSwap">
    <keyboard-shortcut first-keystroke="ctrl alt f10" />
  </action>
  <action id="context.load" />
  <action id="dimensGenerate" />
  <action id="tasks.close" />
</keymap>